ID,Set,Condition,Phase,Session,Response
armadillo,1,1,Pre,1,0
armadillo,1,1,Pre,2,0
armadillo,1,1,Pre,3,0
armadillo,1,1,Pre,4,0
armadillo,1,1,Tx,5,1
armadillo,1,1,Tx,6,1
armadillo,1,1,Tx,7,1
armadillo,1,1,Tx,8,0
armadillo,1,1,Tx,9,0
armadillo,1,1,Tx,10,0
armadillo,1,1,Post,11,1
armadillo,1,1,Post,12,1
armadillo,1,1,ThreeMo,13,0
armadillo,1,1,SixMo,14,0
armadillo,1,1,TwelveMo,15,0
basket,1,1,Pre,1,0
basket,1,1,Pre,2,0
basket,1,1,Pre,3,0
basket,1,1,Pre,4,0
basket,1,1,Tx,5,1
basket,1,1,Tx,6,1
basket,1,1,Tx,7,1
basket,1,1,Tx,8,1
basket,1,1,Tx,9,1
basket,1,1,Tx,10,1
basket,1,1,Post,11,1
basket,1,1,Post,12,0
basket,1,1,ThreeMo,13,1
basket,1,1,SixMo,14,1
basket,1,1,TwelveMo,15,1
catfish,1,1,Pre,1,0
catfish,1,1,Pre,2,0
catfish,1,1,Pre,3,0
catfish,1,1,Pre,4,1
catfish,1,1,Tx,5,1
catfish,1,1,Tx,6,1
catfish,1,1,Tx,7,1
catfish,1,1,Tx,8,1
catfish,1,1,Tx,9,1
catfish,1,1,Tx,10,1
catfish,1,1,Post,11,1
catfish,1,1,Post,12,1
catfish,1,1,ThreeMo,13,1
catfish,1,1,SixMo,14,1
catfish,1,1,TwelveMo,15,0
gorilla,1,1,Pre,1,0
gorilla,1,1,Pre,2,0
gorilla,1,1,Pre,3,0
gorilla,1,1,Pre,4,0
gorilla,1,1,Tx,5,1
gorilla,1,1,Tx,6,1
gorilla,1,1,Tx,7,1
gorilla,1,1,Tx,8,0
gorilla,1,1,Tx,9,1
gorilla,1,1,Tx,10,0
gorilla,1,1,Post,11,0
gorilla,1,1,Post,12,1
gorilla,1,1,ThreeMo,13,0
gorilla,1,1,SixMo,14,0
gorilla,1,1,TwelveMo,15,0
ladder,1,1,Pre,1,0
ladder,1,1,Pre,2,1
ladder,1,1,Pre,3,0
ladder,1,1,Pre,4,1
ladder,1,1,Tx,5,1
ladder,1,1,Tx,6,1
ladder,1,1,Tx,7,1
ladder,1,1,Tx,8,1
ladder,1,1,Tx,9,1
ladder,1,1,Tx,10,1
ladder,1,1,Post,11,1
ladder,1,1,Post,12,1
ladder,1,1,ThreeMo,13,1
ladder,1,1,SixMo,14,1
ladder,1,1,TwelveMo,15,0
ribs,1,1,Pre,1,0
ribs,1,1,Pre,2,0
ribs,1,1,Pre,3,0
ribs,1,1,Pre,4,0
ribs,1,1,Tx,5,1
ribs,1,1,Tx,6,1
ribs,1,1,Tx,7,1
ribs,1,1,Tx,8,1
ribs,1,1,Tx,9,1
ribs,1,1,Tx,10,1
ribs,1,1,Post,11,1
ribs,1,1,Post,12,1
ribs,1,1,ThreeMo,13,1
ribs,1,1,SixMo,14,1
ribs,1,1,TwelveMo,15,0
clip,1,1,Pre,1,0
clip,1,1,Pre,2,0
clip,1,1,Pre,3,0
clip,1,1,Pre,4,0
clip,1,1,Tx,5,1
clip,1,1,Tx,6,1
clip,1,1,Tx,7,1
clip,1,1,Tx,8,1
clip,1,1,Tx,9,1
clip,1,1,Tx,10,1
clip,1,1,Post,11,1
clip,1,1,Post,12,1
clip,1,1,ThreeMo,13,1
clip,1,1,SixMo,14,1
clip,1,1,TwelveMo,15,1
pimentos,1,1,Pre,1,0
pimentos,1,1,Pre,2,0
pimentos,1,1,Pre,3,0
pimentos,1,1,Pre,4,0
pimentos,1,1,Tx,5,1
pimentos,1,1,Tx,6,0
pimentos,1,1,Tx,7,1
pimentos,1,1,Tx,8,1
pimentos,1,1,Tx,9,0
pimentos,1,1,Tx,10,0
pimentos,1,1,Post,11,1
pimentos,1,1,Post,12,1
pimentos,1,1,ThreeMo,13,0
pimentos,1,1,SixMo,14,0
pimentos,1,1,TwelveMo,15,0
raccoon,1,1,Pre,1,0
raccoon,1,1,Pre,2,0
raccoon,1,1,Pre,3,1
raccoon,1,1,Pre,4,0
raccoon,1,1,Tx,5,1
raccoon,1,1,Tx,6,0
raccoon,1,1,Tx,7,0
raccoon,1,1,Tx,8,1
raccoon,1,1,Tx,9,0
raccoon,1,1,Tx,10,1
raccoon,1,1,Post,11,0
raccoon,1,1,Post,12,0
raccoon,1,1,ThreeMo,13,0
raccoon,1,1,SixMo,14,0
raccoon,1,1,TwelveMo,15,0
strainer,1,1,Pre,1,0
strainer,1,1,Pre,2,0
strainer,1,1,Pre,3,0
strainer,1,1,Pre,4,0
strainer,1,1,Tx,5,1
strainer,1,1,Tx,6,0
strainer,1,1,Tx,7,1
strainer,1,1,Tx,8,1
strainer,1,1,Tx,9,1
strainer,1,1,Tx,10,1
strainer,1,1,Post,11,1
strainer,1,1,Post,12,1
strainer,1,1,ThreeMo,13,0
strainer,1,1,SixMo,14,0
strainer,1,1,TwelveMo,15,0
astronaut,2,1,Pre,1,0
astronaut,2,1,Pre,2,0
astronaut,2,1,Pre,3,0
astronaut,2,1,Pre,4,0
astronaut,2,1,Pre,5,0
astronaut,2,1,Tx,6,1
astronaut,2,1,Tx,7,1
astronaut,2,1,Tx,8,1
astronaut,2,1,Tx,9,1
astronaut,2,1,Tx,10,1
astronaut,2,1,Post,11,1
astronaut,2,1,Post,12,1
astronaut,2,1,ThreeMo,13,0
astronaut,2,1,SixMo,14,1
astronaut,2,1,TwelveMo,15,0
blinds,2,1,Pre,1,0
blinds,2,1,Pre,2,0
blinds,2,1,Pre,3,0
blinds,2,1,Pre,4,0
blinds,2,1,Pre,5,0
blinds,2,1,Tx,6,1
blinds,2,1,Tx,7,1
blinds,2,1,Tx,8,1
blinds,2,1,Tx,9,1
blinds,2,1,Tx,10,1
blinds,2,1,Post,11,1
blinds,2,1,Post,12,1
blinds,2,1,ThreeMo,13,1
blinds,2,1,SixMo,14,1
blinds,2,1,TwelveMo,15,1
chimney,2,1,Pre,1,0
chimney,2,1,Pre,2,0
chimney,2,1,Pre,3,0
chimney,2,1,Pre,4,0
chimney,2,1,Pre,5,0
chimney,2,1,Tx,6,1
chimney,2,1,Tx,7,1
chimney,2,1,Tx,8,1
chimney,2,1,Tx,9,1
chimney,2,1,Tx,10,1
chimney,2,1,Post,11,1
chimney,2,1,Post,12,1
chimney,2,1,ThreeMo,13,0
chimney,2,1,SixMo,14,0
chimney,2,1,TwelveMo,15,0
copperhead snake,2,1,Pre,1,0
copperhead snake,2,1,Pre,2,0
copperhead snake,2,1,Pre,3,0
copperhead snake,2,1,Pre,4,0
copperhead snake,2,1,Pre,5,0
copperhead snake,2,1,Tx,6,1
copperhead snake,2,1,Tx,7,1
copperhead snake,2,1,Tx,8,1
copperhead snake,2,1,Tx,9,1
copperhead snake,2,1,Tx,10,1
copperhead snake,2,1,Post,11,0
copperhead snake,2,1,Post,12,0
copperhead snake,2,1,ThreeMo,13,0
copperhead snake,2,1,SixMo,14,0
copperhead snake,2,1,TwelveMo,15,0
grater,2,1,Pre,1,0
grater,2,1,Pre,2,0
grater,2,1,Pre,3,0
grater,2,1,Pre,4,0
grater,2,1,Pre,5,0
grater,2,1,Tx,6,0
grater,2,1,Tx,7,0
grater,2,1,Tx,8,0
grater,2,1,Tx,9,0
grater,2,1,Tx,10,0
grater,2,1,Post,11,1
grater,2,1,Post,12,0
grater,2,1,ThreeMo,13,0
grater,2,1,SixMo,14,0
grater,2,1,TwelveMo,15,0
lamp,2,1,Pre,1,0
lamp,2,1,Pre,2,0
lamp,2,1,Pre,3,0
lamp,2,1,Pre,4,0
lamp,2,1,Pre,5,0
lamp,2,1,Tx,6,1
lamp,2,1,Tx,7,1
lamp,2,1,Tx,8,1
lamp,2,1,Tx,9,1
lamp,2,1,Tx,10,1
lamp,2,1,Post,11,1
lamp,2,1,Post,12,1
lamp,2,1,ThreeMo,13,1
lamp,2,1,SixMo,14,1
lamp,2,1,TwelveMo,15,0
owl,2,1,Pre,1,0
owl,2,1,Pre,2,0
owl,2,1,Pre,3,0
owl,2,1,Pre,4,0
owl,2,1,Pre,5,0
owl,2,1,Tx,6,1
owl,2,1,Tx,7,1
owl,2,1,Tx,8,1
owl,2,1,Tx,9,1
owl,2,1,Tx,10,0
owl,2,1,Post,11,1
owl,2,1,Post,12,1
owl,2,1,ThreeMo,13,1
owl,2,1,SixMo,14,0
owl,2,1,TwelveMo,15,1
pickle,2,1,Pre,1,0
pickle,2,1,Pre,2,0
pickle,2,1,Pre,3,0
pickle,2,1,Pre,4,1
pickle,2,1,Pre,5,1
pickle,2,1,Tx,6,1
pickle,2,1,Tx,7,1
pickle,2,1,Tx,8,1
pickle,2,1,Tx,9,1
pickle,2,1,Tx,10,1
pickle,2,1,Post,11,1
pickle,2,1,Post,12,1
pickle,2,1,ThreeMo,13,1
pickle,2,1,SixMo,14,0
pickle,2,1,TwelveMo,15,0
referee,2,1,Pre,1,0
referee,2,1,Pre,2,0
referee,2,1,Pre,3,0
referee,2,1,Pre,4,0
referee,2,1,Pre,5,0
referee,2,1,Tx,6,1
referee,2,1,Tx,7,1
referee,2,1,Tx,8,1
referee,2,1,Tx,9,1
referee,2,1,Tx,10,1
referee,2,1,Post,11,1
referee,2,1,Post,12,1
referee,2,1,ThreeMo,13,0
referee,2,1,SixMo,14,0
referee,2,1,TwelveMo,15,1
train,2,1,Pre,1,0
train,2,1,Pre,2,0
train,2,1,Pre,3,0
train,2,1,Pre,4,1
train,2,1,Pre,5,1
train,2,1,Tx,6,1
train,2,1,Tx,7,1
train,2,1,Tx,8,1
train,2,1,Tx,9,1
train,2,1,Tx,10,1
train,2,1,Post,11,1
train,2,1,Post,12,1
train,2,1,ThreeMo,13,1
train,2,1,SixMo,14,1
train,2,1,TwelveMo,15,1
avocado,3,1,Pre,1,0
avocado,3,1,Pre,2,0
avocado,3,1,Pre,3,1
avocado,3,1,Pre,4,1
avocado,3,1,Pre,5,1
avocado,3,1,Pre,6,0
avocado,3,1,Tx,7,1
avocado,3,1,Tx,8,1
avocado,3,1,Tx,9,1
avocado,3,1,Tx,10,0
avocado,3,1,Post,11,1
avocado,3,1,Post,12,1
avocado,3,1,ThreeMo,13,1
avocado,3,1,SixMo,14,1
avocado,3,1,TwelveMo,15,1
bricks,3,1,Pre,1,0
bricks,3,1,Pre,2,0
bricks,3,1,Pre,3,0
bricks,3,1,Pre,4,0
bricks,3,1,Pre,5,0
bricks,3,1,Pre,6,0
bricks,3,1,Tx,7,0
bricks,3,1,Tx,8,1
bricks,3,1,Tx,9,1
bricks,3,1,Tx,10,1
bricks,3,1,Post,11,1
bricks,3,1,Post,12,1
bricks,3,1,ThreeMo,13,0
bricks,3,1,SixMo,14,1
bricks,3,1,TwelveMo,15,0
clamp,3,1,Pre,1,0
clamp,3,1,Pre,2,0
clamp,3,1,Pre,3,0
clamp,3,1,Pre,4,0
clamp,3,1,Pre,5,0
clamp,3,1,Pre,6,0
clamp,3,1,Tx,7,1
clamp,3,1,Tx,8,1
clamp,3,1,Tx,9,1
clamp,3,1,Tx,10,1
clamp,3,1,Post,11,1
clamp,3,1,Post,12,1
clamp,3,1,ThreeMo,13,1
clamp,3,1,SixMo,14,0
clamp,3,1,TwelveMo,15,0
cow,3,1,Pre,1,0
cow,3,1,Pre,2,0
cow,3,1,Pre,3,0
cow,3,1,Pre,4,0
cow,3,1,Pre,5,0
cow,3,1,Pre,6,0
cow,3,1,Tx,7,1
cow,3,1,Tx,8,1
cow,3,1,Tx,9,1
cow,3,1,Tx,10,1
cow,3,1,Post,11,1
cow,3,1,Post,12,1
cow,3,1,ThreeMo,13,1
cow,3,1,SixMo,14,1
cow,3,1,TwelveMo,15,1
grapes,3,1,Pre,1,0
grapes,3,1,Pre,2,0
grapes,3,1,Pre,3,0
grapes,3,1,Pre,4,0
grapes,3,1,Pre,5,0
grapes,3,1,Pre,6,0
grapes,3,1,Tx,7,1
grapes,3,1,Tx,8,1
grapes,3,1,Tx,9,1
grapes,3,1,Tx,10,1
grapes,3,1,Post,11,1
grapes,3,1,Post,12,1
grapes,3,1,ThreeMo,13,1
grapes,3,1,SixMo,14,1
grapes,3,1,TwelveMo,15,0
calendar,3,1,Pre,1,0
calendar,3,1,Pre,2,0
calendar,3,1,Pre,3,0
calendar,3,1,Pre,4,0
calendar,3,1,Pre,5,0
calendar,3,1,Pre,6,0
calendar,3,1,Tx,7,1
calendar,3,1,Tx,8,1
calendar,3,1,Tx,9,1
calendar,3,1,Tx,10,0
calendar,3,1,Post,11,0
calendar,3,1,Post,12,1
calendar,3,1,ThreeMo,13,0
calendar,3,1,SixMo,14,0
calendar,3,1,TwelveMo,15,0
pan,3,1,Pre,1,0
pan,3,1,Pre,2,1
pan,3,1,Pre,3,0
pan,3,1,Pre,4,0
pan,3,1,Pre,5,0
pan,3,1,Pre,6,0
pan,3,1,Tx,7,1
pan,3,1,Tx,8,1
pan,3,1,Tx,9,1
pan,3,1,Tx,10,1
pan,3,1,Post,11,1
pan,3,1,Post,12,1
pan,3,1,ThreeMo,13,1
pan,3,1,SixMo,14,1
pan,3,1,TwelveMo,15,0
pitcher,3,1,Pre,1,0
pitcher,3,1,Pre,2,0
pitcher,3,1,Pre,3,0
pitcher,3,1,Pre,4,0
pitcher,3,1,Pre,5,0
pitcher,3,1,Pre,6,0
pitcher,3,1,Tx,7,1
pitcher,3,1,Tx,8,0
pitcher,3,1,Tx,9,1
pitcher,3,1,Tx,10,1
pitcher,3,1,Post,11,1
pitcher,3,1,Post,12,1
pitcher,3,1,ThreeMo,13,0
pitcher,3,1,SixMo,14,0
pitcher,3,1,TwelveMo,15,0
neosporin,3,1,Pre,1,0
neosporin,3,1,Pre,2,0
neosporin,3,1,Pre,3,0
neosporin,3,1,Pre,4,0
neosporin,3,1,Pre,5,0
neosporin,3,1,Pre,6,0
neosporin,3,1,Tx,7,1
neosporin,3,1,Tx,8,1
neosporin,3,1,Tx,9,0
neosporin,3,1,Tx,10,1
neosporin,3,1,Post,11,1
neosporin,3,1,Post,12,1
neosporin,3,1,ThreeMo,13,1
neosporin,3,1,SixMo,14,1
neosporin,3,1,TwelveMo,15,0
turtle,3,1,Pre,1,0
turtle,3,1,Pre,2,0
turtle,3,1,Pre,3,0
turtle,3,1,Pre,4,1
turtle,3,1,Pre,5,0
turtle,3,1,Pre,6,0
turtle,3,1,Tx,7,1
turtle,3,1,Tx,8,1
turtle,3,1,Tx,9,1
turtle,3,1,Tx,10,0
turtle,3,1,Post,11,1
turtle,3,1,Post,12,1
turtle,3,1,ThreeMo,13,0
turtle,3,1,SixMo,14,0
turtle,3,1,TwelveMo,15,1
peach,4,1,Pre,1,0
peach,4,1,Pre,2,0
peach,4,1,Pre,3,0
peach,4,1,Pre,4,0
peach,4,1,Pre,5,0
peach,4,1,Pre,6,1
peach,4,1,Pre,7,0
peach,4,1,Tx,8,1
peach,4,1,Tx,9,1
peach,4,1,Tx,10,1
peach,4,1,Post,11,1
peach,4,1,Post,12,1
peach,4,1,ThreeMo,13,0
peach,4,1,SixMo,14,1
peach,4,1,TwelveMo,15,0
button,4,1,Pre,1,0
button,4,1,Pre,2,0
button,4,1,Pre,3,0
button,4,1,Pre,4,1
button,4,1,Pre,5,0
button,4,1,Pre,6,0
button,4,1,Pre,7,0
button,4,1,Tx,8,1
button,4,1,Tx,9,1
button,4,1,Tx,10,1
button,4,1,Post,11,1
button,4,1,Post,12,1
button,4,1,ThreeMo,13,1
button,4,1,SixMo,14,1
button,4,1,TwelveMo,15,0
possum,4,1,Pre,1,0
possum,4,1,Pre,2,0
possum,4,1,Pre,3,0
possum,4,1,Pre,4,0
possum,4,1,Pre,5,1
possum,4,1,Pre,6,0
possum,4,1,Pre,7,0
possum,4,1,Tx,8,1
possum,4,1,Tx,9,1
possum,4,1,Tx,10,0
possum,4,1,Post,11,1
possum,4,1,Post,12,1
possum,4,1,ThreeMo,13,0
possum,4,1,SixMo,14,0
possum,4,1,TwelveMo,15,0
crane,4,1,Pre,1,0
crane,4,1,Pre,2,0
crane,4,1,Pre,3,0
crane,4,1,Pre,4,0
crane,4,1,Pre,5,1
crane,4,1,Pre,6,0
crane,4,1,Pre,7,0
crane,4,1,Tx,8,1
crane,4,1,Tx,9,1
crane,4,1,Tx,10,1
crane,4,1,Post,11,1
crane,4,1,Post,12,1
crane,4,1,ThreeMo,13,1
crane,4,1,SixMo,14,1
crane,4,1,TwelveMo,15,0
hammock,4,1,Pre,1,0
hammock,4,1,Pre,2,0
hammock,4,1,Pre,3,0
hammock,4,1,Pre,4,0
hammock,4,1,Pre,5,0
hammock,4,1,Pre,6,0
hammock,4,1,Pre,7,0
hammock,4,1,Tx,8,1
hammock,4,1,Tx,9,1
hammock,4,1,Tx,10,0
hammock,4,1,Post,11,0
hammock,4,1,Post,12,1
hammock,4,1,ThreeMo,13,0
hammock,4,1,SixMo,14,0
hammock,4,1,TwelveMo,15,0
microwave,4,1,Pre,1,0
microwave,4,1,Pre,2,0
microwave,4,1,Pre,3,0
microwave,4,1,Pre,4,0
microwave,4,1,Pre,5,0
microwave,4,1,Pre,6,0
microwave,4,1,Pre,7,0
microwave,4,1,Tx,8,1
microwave,4,1,Tx,9,1
microwave,4,1,Tx,10,1
microwave,4,1,Post,11,1
microwave,4,1,Post,12,1
microwave,4,1,ThreeMo,13,1
microwave,4,1,SixMo,14,0
microwave,4,1,TwelveMo,15,0
pancakes,4,1,Pre,1,0
pancakes,4,1,Pre,2,0
pancakes,4,1,Pre,3,0
pancakes,4,1,Pre,4,0
pancakes,4,1,Pre,5,0
pancakes,4,1,Pre,6,0
pancakes,4,1,Pre,7,0
pancakes,4,1,Tx,8,1
pancakes,4,1,Tx,9,1
pancakes,4,1,Tx,10,1
pancakes,4,1,Post,11,1
pancakes,4,1,Post,12,1
pancakes,4,1,ThreeMo,13,0
pancakes,4,1,SixMo,14,1
pancakes,4,1,TwelveMo,15,0
saddle,4,1,Pre,1,0
saddle,4,1,Pre,2,0
saddle,4,1,Pre,3,0
saddle,4,1,Pre,4,1
saddle,4,1,Pre,5,0
saddle,4,1,Pre,6,1
saddle,4,1,Pre,7,1
saddle,4,1,Tx,8,1
saddle,4,1,Tx,9,1
saddle,4,1,Tx,10,1
saddle,4,1,Post,11,1
saddle,4,1,Post,12,1
saddle,4,1,ThreeMo,13,1
saddle,4,1,SixMo,14,1
saddle,4,1,TwelveMo,15,0
zebra,4,1,Pre,1,0
zebra,4,1,Pre,2,0
zebra,4,1,Pre,3,0
zebra,4,1,Pre,4,0
zebra,4,1,Pre,5,0
zebra,4,1,Pre,6,0
zebra,4,1,Pre,7,0
zebra,4,1,Tx,8,1
zebra,4,1,Tx,9,1
zebra,4,1,Tx,10,1
zebra,4,1,Post,11,1
zebra,4,1,Post,12,1
zebra,4,1,ThreeMo,13,0
zebra,4,1,SixMo,14,1
zebra,4,1,TwelveMo,15,0
cookies,4,1,Pre,1,0
cookies,4,1,Pre,2,1
cookies,4,1,Pre,3,0
cookies,4,1,Pre,4,1
cookies,4,1,Pre,5,1
cookies,4,1,Pre,6,1
cookies,4,1,Pre,7,1
cookies,4,1,Tx,8,1
cookies,4,1,Tx,9,1
cookies,4,1,Tx,10,0
cookies,4,1,Post,11,1
cookies,4,1,Post,12,1
cookies,4,1,ThreeMo,13,1
cookies,4,1,SixMo,14,1
cookies,4,1,TwelveMo,15,0
cactus,5,1,Pre,1,0
cactus,5,1,Pre,2,0
cactus,5,1,Pre,3,0
cactus,5,1,Pre,4,0
cactus,5,1,Pre,5,0
cactus,5,1,Pre,6,0
cactus,5,1,Pre,7,0
cactus,5,1,Pre,8,0
cactus,5,1,Tx,9,1
cactus,5,1,Tx,10,1
cactus,5,1,Post,11,0
cactus,5,1,Post,12,0
cactus,5,1,ThreeMo,13,0
cactus,5,1,SixMo,14,0
cactus,5,1,TwelveMo,15,0
duck,5,1,Pre,1,0
duck,5,1,Pre,2,1
duck,5,1,Pre,3,0
duck,5,1,Pre,4,0
duck,5,1,Pre,5,1
duck,5,1,Pre,6,1
duck,5,1,Pre,7,1
duck,5,1,Pre,8,1
duck,5,1,Tx,9,1
duck,5,1,Tx,10,1
duck,5,1,Post,11,1
duck,5,1,Post,12,1
duck,5,1,ThreeMo,13,0
duck,5,1,SixMo,14,0
duck,5,1,TwelveMo,15,0
hanger,5,1,Pre,1,0
hanger,5,1,Pre,2,1
hanger,5,1,Pre,3,0
hanger,5,1,Pre,4,0
hanger,5,1,Pre,5,1
hanger,5,1,Pre,6,1
hanger,5,1,Pre,7,1
hanger,5,1,Pre,8,0
hanger,5,1,Tx,9,1
hanger,5,1,Tx,10,1
hanger,5,1,Post,11,1
hanger,5,1,Post,12,1
hanger,5,1,ThreeMo,13,1
hanger,5,1,SixMo,14,1
hanger,5,1,TwelveMo,15,0
kangaroo,5,1,Pre,1,0
kangaroo,5,1,Pre,2,0
kangaroo,5,1,Pre,3,0
kangaroo,5,1,Pre,4,0
kangaroo,5,1,Pre,5,0
kangaroo,5,1,Pre,6,0
kangaroo,5,1,Pre,7,0
kangaroo,5,1,Pre,8,0
kangaroo,5,1,Tx,9,0
kangaroo,5,1,Tx,10,1
kangaroo,5,1,Post,11,0
kangaroo,5,1,Post,12,0
kangaroo,5,1,ThreeMo,13,0
kangaroo,5,1,SixMo,14,0
kangaroo,5,1,TwelveMo,15,0
lobster,5,1,Pre,1,0
lobster,5,1,Pre,2,0
lobster,5,1,Pre,3,0
lobster,5,1,Pre,4,0
lobster,5,1,Pre,5,0
lobster,5,1,Pre,6,0
lobster,5,1,Pre,7,0
lobster,5,1,Pre,8,0
lobster,5,1,Tx,9,1
lobster,5,1,Tx,10,1
lobster,5,1,Post,11,1
lobster,5,1,Post,12,0
lobster,5,1,ThreeMo,13,0
lobster,5,1,SixMo,14,0
lobster,5,1,TwelveMo,15,0
axe,5,1,Pre,1,0
axe,5,1,Pre,2,0
axe,5,1,Pre,3,0
axe,5,1,Pre,4,0
axe,5,1,Pre,5,0
axe,5,1,Pre,6,0
axe,5,1,Pre,7,0
axe,5,1,Pre,8,0
axe,5,1,Tx,9,1
axe,5,1,Tx,10,1
axe,5,1,Post,11,1
axe,5,1,Post,12,1
axe,5,1,ThreeMo,13,1
axe,5,1,SixMo,14,1
axe,5,1,TwelveMo,15,0
soup,5,1,Pre,1,0
soup,5,1,Pre,2,0
soup,5,1,Pre,3,0
soup,5,1,Pre,4,0
soup,5,1,Pre,5,0
soup,5,1,Pre,6,0
soup,5,1,Pre,7,0
soup,5,1,Pre,8,1
soup,5,1,Tx,9,1
soup,5,1,Tx,10,1
soup,5,1,Post,11,1
soup,5,1,Post,12,1
soup,5,1,ThreeMo,13,1
soup,5,1,SixMo,14,1
soup,5,1,TwelveMo,15,0
dove,5,1,Pre,1,1
dove,5,1,Pre,2,0
dove,5,1,Pre,3,0
dove,5,1,Pre,4,1
dove,5,1,Pre,5,0
dove,5,1,Pre,6,0
dove,5,1,Pre,7,0
dove,5,1,Pre,8,1
dove,5,1,Tx,9,0
dove,5,1,Tx,10,1
dove,5,1,Post,11,0
dove,5,1,Post,12,1
dove,5,1,ThreeMo,13,1
dove,5,1,SixMo,14,1
dove,5,1,TwelveMo,15,0
drill,5,1,Pre,1,1
drill,5,1,Pre,2,0
drill,5,1,Pre,3,0
drill,5,1,Pre,4,0
drill,5,1,Pre,5,1
drill,5,1,Pre,6,1
drill,5,1,Pre,7,1
drill,5,1,Pre,8,1
drill,5,1,Tx,9,1
drill,5,1,Tx,10,1
drill,5,1,Post,11,1
drill,5,1,Post,12,1
drill,5,1,ThreeMo,13,1
drill,5,1,SixMo,14,1
drill,5,1,TwelveMo,15,1
squeeze shoot,5,1,Pre,1,0
squeeze shoot,5,1,Pre,2,0
squeeze shoot,5,1,Pre,3,1
squeeze shoot,5,1,Pre,4,0
squeeze shoot,5,1,Pre,5,0
squeeze shoot,5,1,Pre,6,0
squeeze shoot,5,1,Pre,7,1
squeeze shoot,5,1,Pre,8,1
squeeze shoot,5,1,Tx,9,1
squeeze shoot,5,1,Tx,10,1
squeeze shoot,5,1,Post,11,1
squeeze shoot,5,1,Post,12,1
squeeze shoot,5,1,ThreeMo,13,1
squeeze shoot,5,1,SixMo,14,1
squeeze shoot,5,1,TwelveMo,15,1
calculator,6,1,Pre,1,0
calculator,6,1,Pre,2,0
calculator,6,1,Pre,3,1
calculator,6,1,Pre,4,0
calculator,6,1,Pre,5,0
calculator,6,1,Pre,6,0
calculator,6,1,Pre,7,1
calculator,6,1,Pre,8,0
calculator,6,1,Pre,9,0
calculator,6,1,Tx,10,1
calculator,6,1,Post,11,1
calculator,6,1,Post,12,1
calculator,6,1,ThreeMo,13,1
calculator,6,1,SixMo,14,1
calculator,6,1,TwelveMo,15,1
envelope,6,1,Pre,1,0
envelope,6,1,Pre,2,0
envelope,6,1,Pre,3,1
envelope,6,1,Pre,4,1
envelope,6,1,Pre,5,1
envelope,6,1,Pre,6,1
envelope,6,1,Pre,7,1
envelope,6,1,Pre,8,1
envelope,6,1,Pre,9,1
envelope,6,1,Tx,10,1
envelope,6,1,Post,11,1
envelope,6,1,Post,12,1
envelope,6,1,ThreeMo,13,1
envelope,6,1,SixMo,14,1
envelope,6,1,TwelveMo,15,1
helmet,6,1,Pre,1,0
helmet,6,1,Pre,2,0
helmet,6,1,Pre,3,0
helmet,6,1,Pre,4,1
helmet,6,1,Pre,5,1
helmet,6,1,Pre,6,1
helmet,6,1,Pre,7,1
helmet,6,1,Pre,8,1
helmet,6,1,Pre,9,1
helmet,6,1,Tx,10,1
helmet,6,1,Post,11,1
helmet,6,1,Post,12,1
helmet,6,1,ThreeMo,13,0
helmet,6,1,SixMo,14,1
helmet,6,1,TwelveMo,15,0
jalapenos,6,1,Pre,1,0
jalapenos,6,1,Pre,2,0
jalapenos,6,1,Pre,3,0
jalapenos,6,1,Pre,4,0
jalapenos,6,1,Pre,5,0
jalapenos,6,1,Pre,6,0
jalapenos,6,1,Pre,7,0
jalapenos,6,1,Pre,8,0
jalapenos,6,1,Pre,9,0
jalapenos,6,1,Tx,10,1
jalapenos,6,1,Post,11,1
jalapenos,6,1,Post,12,1
jalapenos,6,1,ThreeMo,13,1
jalapenos,6,1,SixMo,14,0
jalapenos,6,1,TwelveMo,15,0
mouse,6,1,Pre,1,0
mouse,6,1,Pre,2,0
mouse,6,1,Pre,3,0
mouse,6,1,Pre,4,0
mouse,6,1,Pre,5,0
mouse,6,1,Pre,6,0
mouse,6,1,Pre,7,0
mouse,6,1,Pre,8,0
mouse,6,1,Pre,9,0
mouse,6,1,Tx,10,1
mouse,6,1,Post,11,1
mouse,6,1,Post,12,1
mouse,6,1,ThreeMo,13,0
mouse,6,1,SixMo,14,0
mouse,6,1,TwelveMo,15,0
okra,6,1,Pre,1,0
okra,6,1,Pre,2,0
okra,6,1,Pre,3,0
okra,6,1,Pre,4,0
okra,6,1,Pre,5,0
okra,6,1,Pre,6,0
okra,6,1,Pre,7,1
okra,6,1,Pre,8,0
okra,6,1,Pre,9,0
okra,6,1,Tx,10,1
okra,6,1,Post,11,1
okra,6,1,Post,12,1
okra,6,1,ThreeMo,13,0
okra,6,1,SixMo,14,0
okra,6,1,TwelveMo,15,0
penguin,6,1,Pre,1,0
penguin,6,1,Pre,2,0
penguin,6,1,Pre,3,0
penguin,6,1,Pre,4,0
penguin,6,1,Pre,5,0
penguin,6,1,Pre,6,0
penguin,6,1,Pre,7,0
penguin,6,1,Pre,8,0
penguin,6,1,Pre,9,0
penguin,6,1,Tx,10,1
penguin,6,1,Post,11,0
penguin,6,1,Post,12,1
penguin,6,1,ThreeMo,13,0
penguin,6,1,SixMo,14,0
penguin,6,1,TwelveMo,15,0
popcorn,6,1,Pre,1,0
popcorn,6,1,Pre,2,0
popcorn,6,1,Pre,3,0
popcorn,6,1,Pre,4,0
popcorn,6,1,Pre,5,0
popcorn,6,1,Pre,6,0
popcorn,6,1,Pre,7,1
popcorn,6,1,Pre,8,0
popcorn,6,1,Pre,9,0
popcorn,6,1,Tx,10,1
popcorn,6,1,Post,11,1
popcorn,6,1,Post,12,1
popcorn,6,1,ThreeMo,13,0
popcorn,6,1,SixMo,14,0
popcorn,6,1,TwelveMo,15,0
stove,6,1,Pre,1,0
stove,6,1,Pre,2,0
stove,6,1,Pre,3,0
stove,6,1,Pre,4,0
stove,6,1,Pre,5,0
stove,6,1,Pre,6,0
stove,6,1,Pre,7,0
stove,6,1,Pre,8,0
stove,6,1,Pre,9,0
stove,6,1,Tx,10,1
stove,6,1,Post,11,1
stove,6,1,Post,12,1
stove,6,1,ThreeMo,13,1
stove,6,1,SixMo,14,1
stove,6,1,TwelveMo,15,0
trumpet,6,1,Pre,1,0
trumpet,6,1,Pre,2,0
trumpet,6,1,Pre,3,0
trumpet,6,1,Pre,4,0
trumpet,6,1,Pre,5,0
trumpet,6,1,Pre,6,0
trumpet,6,1,Pre,7,0
trumpet,6,1,Pre,8,0
trumpet,6,1,Pre,9,0
trumpet,6,1,Tx,10,1
trumpet,6,1,Post,11,1
trumpet,6,1,Post,12,1
trumpet,6,1,ThreeMo,13,1
trumpet,6,1,SixMo,14,0
trumpet,6,1,TwelveMo,15,1
lizard,7,0,Pre,1,0
lizard,7,0,Pre,2,0
lizard,7,0,Pre,3,0
lizard,7,0,Pre,4,0
lizard,7,0,Pre,5,0
lizard,7,0,Pre,6,0
lizard,7,0,Pre,7,0
lizard,7,0,Pre,8,0
lizard,7,0,Pre,9,0
lizard,7,0,Pre,10,0
lizard,7,0,Pre,11,0
lizard,7,0,Pre,12,0
lizard,7,0,ThreeMo,13,0
lizard,7,0,SixMo,14,0
lizard,7,0,TwelveMo,15,0
goose,7,0,Pre,1,0
goose,7,0,Pre,2,0
goose,7,0,Pre,3,0
goose,7,0,Pre,4,0
goose,7,0,Pre,5,0
goose,7,0,Pre,6,0
goose,7,0,Pre,7,0
goose,7,0,Pre,8,0
goose,7,0,Pre,9,0
goose,7,0,Pre,10,0
goose,7,0,Pre,11,0
goose,7,0,Pre,12,0
goose,7,0,ThreeMo,13,0
goose,7,0,SixMo,14,0
goose,7,0,TwelveMo,15,0
grasshopper,7,0,Pre,1,0
grasshopper,7,0,Pre,2,0
grasshopper,7,0,Pre,3,0
grasshopper,7,0,Pre,4,0
grasshopper,7,0,Pre,5,0
grasshopper,7,0,Pre,6,0
grasshopper,7,0,Pre,7,0
grasshopper,7,0,Pre,8,0
grasshopper,7,0,Pre,9,0
grasshopper,7,0,Pre,10,0
grasshopper,7,0,Pre,11,0
grasshopper,7,0,Pre,12,0
grasshopper,7,0,ThreeMo,13,0
grasshopper,7,0,SixMo,14,0
grasshopper,7,0,TwelveMo,15,0
bandana,7,0,Pre,1,0
bandana,7,0,Pre,2,0
bandana,7,0,Pre,3,0
bandana,7,0,Pre,4,0
bandana,7,0,Pre,5,0
bandana,7,0,Pre,6,0
bandana,7,0,Pre,7,0
bandana,7,0,Pre,8,0
bandana,7,0,Pre,9,0
bandana,7,0,Pre,10,0
bandana,7,0,Pre,11,0
bandana,7,0,Pre,12,0
bandana,7,0,ThreeMo,13,0
bandana,7,0,SixMo,14,0
bandana,7,0,TwelveMo,15,0
piano,7,0,Pre,1,0
piano,7,0,Pre,2,0
piano,7,0,Pre,3,0
piano,7,0,Pre,4,0
piano,7,0,Pre,5,1
piano,7,0,Pre,6,0
piano,7,0,Pre,7,1
piano,7,0,Pre,8,1
piano,7,0,Pre,9,1
piano,7,0,Pre,10,1
piano,7,0,Pre,11,0
piano,7,0,Pre,12,1
piano,7,0,ThreeMo,13,1
piano,7,0,SixMo,14,0
piano,7,0,TwelveMo,15,0
iPad,7,0,Pre,1,0
iPad,7,0,Pre,2,0
iPad,7,0,Pre,3,0
iPad,7,0,Pre,4,0
iPad,7,0,Pre,5,0
iPad,7,0,Pre,6,0
iPad,7,0,Pre,7,0
iPad,7,0,Pre,8,0
iPad,7,0,Pre,9,0
iPad,7,0,Pre,10,0
iPad,7,0,Pre,11,0
iPad,7,0,Pre,12,0
iPad,7,0,ThreeMo,13,0
iPad,7,0,SixMo,14,0
iPad,7,0,TwelveMo,15,0
memory card,7,0,Pre,1,0
memory card,7,0,Pre,2,0
memory card,7,0,Pre,3,0
memory card,7,0,Pre,4,0
memory card,7,0,Pre,5,0
memory card,7,0,Pre,6,0
memory card,7,0,Pre,7,0
memory card,7,0,Pre,8,0
memory card,7,0,Pre,9,0
memory card,7,0,Pre,10,0
memory card,7,0,Pre,11,0
memory card,7,0,Pre,12,0
memory card,7,0,ThreeMo,13,0
memory card,7,0,SixMo,14,0
memory card,7,0,TwelveMo,15,0
skunk,7,0,Pre,1,0
skunk,7,0,Pre,2,0
skunk,7,0,Pre,3,0
skunk,7,0,Pre,4,0
skunk,7,0,Pre,5,0
skunk,7,0,Pre,6,0
skunk,7,0,Pre,7,0
skunk,7,0,Pre,8,0
skunk,7,0,Pre,9,0
skunk,7,0,Pre,10,0
skunk,7,0,Pre,11,0
skunk,7,0,Pre,12,0
skunk,7,0,ThreeMo,13,0
skunk,7,0,SixMo,14,0
skunk,7,0,TwelveMo,15,0
pumpkin,7,0,Pre,1,0
pumpkin,7,0,Pre,2,0
pumpkin,7,0,Pre,3,0
pumpkin,7,0,Pre,4,0
pumpkin,7,0,Pre,5,0
pumpkin,7,0,Pre,6,0
pumpkin,7,0,Pre,7,0
pumpkin,7,0,Pre,8,0
pumpkin,7,0,Pre,9,0
pumpkin,7,0,Pre,10,0
pumpkin,7,0,Pre,11,0
pumpkin,7,0,Pre,12,0
pumpkin,7,0,ThreeMo,13,0
pumpkin,7,0,SixMo,14,0
pumpkin,7,0,TwelveMo,15,0
headphones,7,0,Pre,1,0
headphones,7,0,Pre,2,0
headphones,7,0,Pre,3,0
headphones,7,0,Pre,4,0
headphones,7,0,Pre,5,0
headphones,7,0,Pre,6,0
headphones,7,0,Pre,7,0
headphones,7,0,Pre,8,0
headphones,7,0,Pre,9,0
headphones,7,0,Pre,10,0
headphones,7,0,Pre,11,0
headphones,7,0,Pre,12,0
headphones,7,0,ThreeMo,13,0
headphones,7,0,SixMo,14,0
headphones,7,0,TwelveMo,15,0