Subj,Form,Target,Block,Trial,AnsTarg,Accuracy,AnsCat,AnsCatOrig,ParGroup,Age,Months,SSIQ,Gender
1,A,E,1,1,E,1,Noun,DemN + Point,ASD,7,84,118.3979218,M
1,A,G,1,2,G,1,Noun,DemN + Point,ASD,7,84,118.3979218,M
1,A,C,1,3,C,1,Personal Name,Personal Name,ASD,7,84,118.3979218,M
1,A,B,1,4,B,1,Noun,DemN,ASD,7,84,118.3979218,M
1,A,C,2,5,C,1,Personal Name,Personal Name,ASD,7,84,118.3979218,M
1,A,E,2,6,E,1,Kin + Name,Kin + Name,ASD,7,84,118.3979218,M
1,A,B,2,7,B,1,Noun,DemN,ASD,7,84,118.3979218,M
1,A,G,2,8,G,1,Noun,Noun,ASD,7,84,118.3979218,M
3,C,G,1,1,G,1,Noun,Noun,ASD,6.583333333,79,115.5465008,M
3,C,B,1,2,B,1,Noun,Noun,ASD,6.583333333,79,115.5465008,M
3,C,E,1,3,G,0,Noun,Noun,ASD,6.583333333,79,115.5465008,M
3,C,C,1,4,C,1,Personal Name,Personal Name,ASD,6.583333333,79,115.5465008,M
3,C,E,2,5,E,1,Kin Term,Kin Term,ASD,6.583333333,79,115.5465008,M
3,C,G,2,6,G,1,Noun,Noun,ASD,6.583333333,79,115.5465008,M
3,C,C,2,7,C,1,Personal Name,Personal Name,ASD,6.583333333,79,115.5465008,M
3,C,B,2,8,B,1,Noun,Noun,ASD,6.583333333,79,115.5465008,M
4,A,E,1,1,E,1,Occupational Title,Occupational Title,ASD,6.583333333,79,104.5822118,M
4,A,G,1,2,G,1,Noun,Noun,ASD,6.583333333,79,104.5822118,M
4,A,C,1,3,C,1,Personal Name,Personal Name,ASD,6.583333333,79,104.5822118,M
4,A,B,1,4,B,1,Noun,Noun,ASD,6.583333333,79,104.5822118,M
4,A,C,2,5,C,1,Personal Name,Personal Name,ASD,6.583333333,79,104.5822118,M
4,A,E,2,6,E,1,Kin Term,Kin Term,ASD,6.583333333,79,104.5822118,M
4,A,B,2,7,B,1,Noun,Noun,ASD,6.583333333,79,104.5822118,M
4,A,G,2,8,G,1,Noun,Noun,ASD,6.583333333,79,104.5822118,M
5,A,E,1,1,C,0,Personal Pronoun,Personal Pronoun,ASD,6.916666667,83,65.10478189,F
5,A,G,1,2,G,1,Noun,Noun,ASD,6.916666667,83,65.10478189,F
5,A,C,1,3,C,1,Personal Pronoun,Personal Pronoun,ASD,6.916666667,83,65.10478189,F
5,A,B,1,4,B,1,Noun,Noun,ASD,6.916666667,83,65.10478189,F
5,A,C,2,5,C,1,Personal Pronoun,Personal Pronoun,ASD,6.916666667,83,65.10478189,F
5,A,E,2,6,E,1,Occupational Title,Occupational Title,ASD,6.916666667,83,65.10478189,F
5,A,B,2,7,B,1,Noun,Noun,ASD,6.916666667,83,65.10478189,F
5,A,G,2,8,G,1,Noun,Noun,ASD,6.916666667,83,65.10478189,F
6,B,C,1,1,C,1,Personal Name,Personal Name,ASD,7.083333333,85,104.9778002,M
6,B,E,1,2,E,1,Noun,DemN + Point,ASD,7.083333333,85,104.9778002,M
6,B,B,1,3,B,1,Noun,DemN,ASD,7.083333333,85,104.9778002,M
6,B,G,1,4,G,1,Noun,DemN,ASD,7.083333333,85,104.9778002,M
6,B,G,2,5,G,1,Noun,DemN,ASD,7.083333333,85,104.9778002,M
6,B,B,2,6,B,1,Noun,DemN,ASD,7.083333333,85,104.9778002,M
6,B,E,2,7,E,1,Kin + Name,Kin + Name,ASD,7.083333333,85,104.9778002,M
6,B,C,2,8,C,1,Personal Name,Personal Name,ASD,7.083333333,85,104.9778002,M
7,C,G,1,1,G,1,Others,Point,ASD,8.75,105,56.82757391,M
7,C,B,1,2,B,1,Noun,Noun,ASD,8.75,105,56.82757391,M
7,C,E,1,3,NA,0,Withdraw,Withdraw,ASD,8.75,105,56.82757391,M
7,C,C,1,4,NA,0,Withdraw,Withdraw,ASD,8.75,105,56.82757391,M
7,C,E,2,5,NA,0,Withdraw,Withdraw,ASD,8.75,105,56.82757391,M
7,C,G,2,6,G,1,Others,Point,ASD,8.75,105,56.82757391,M
7,C,C,2,7,NA,0,Withdraw,Withdraw,ASD,8.75,105,56.82757391,M
7,C,B,2,8,NA,0,Withdraw,Withdraw,ASD,8.75,105,56.82757391,M
8,A,E,1,1,B,0,Noun,Noun,ASD,9.083333333,109,86.26952368,M
8,A,G,1,2,B,0,Noun,Noun,ASD,9.083333333,109,86.26952368,M
8,A,C,1,3,B,0,Noun,Noun,ASD,9.083333333,109,86.26952368,M
8,A,B,1,4,B,1,Noun,Noun,ASD,9.083333333,109,86.26952368,M
8,A,C,2,5,G,0,Noun,Noun,ASD,9.083333333,109,86.26952368,M
8,A,E,2,6,B,0,Noun,Noun,ASD,9.083333333,109,86.26952368,M
8,A,B,2,7,B,1,Noun,Noun,ASD,9.083333333,109,86.26952368,M
8,A,G,2,8,G,1,Noun,Noun,ASD,9.083333333,109,86.26952368,M
9,B,C,1,1,NA,0,Withdraw,Withdraw,ASD,9.083333333,109,83.10413306,M
9,B,E,1,2,NA,0,Withdraw,Withdraw,ASD,9.083333333,109,83.10413306,M
9,B,B,1,3,B,1,Others,Point,ASD,9.083333333,109,83.10413306,M
9,B,G,1,4,G,1,Others,Point,ASD,9.083333333,109,83.10413306,M
9,B,G,2,5,NA,0,Withdraw,Withdraw,ASD,9.083333333,109,83.10413306,M
9,B,B,2,6,B,1,Noun,Noun,ASD,9.083333333,109,83.10413306,M
9,B,E,2,7,NA,0,Withdraw,Withdraw,ASD,9.083333333,109,83.10413306,M
9,B,C,2,8,NA,0,Withdraw,Withdraw,ASD,9.083333333,109,83.10413306,M
10,C,G,1,1,G,1,Noun,Noun,ASD,7.666666667,92,95.81021448,M
10,C,B,1,2,B,1,Noun,Noun,ASD,7.666666667,92,95.81021448,M
10,C,E,1,3,E,1,Others,DemN,ASD,7.666666667,92,95.81021448,M
10,C,C,1,4,C,1,Personal Name,Personal Name,ASD,7.666666667,92,95.81021448,M
10,C,E,2,5,E,1,Kin Term,Kin Term,ASD,7.666666667,92,95.81021448,M
10,C,G,2,6,G,1,Noun,Noun,ASD,7.666666667,92,95.81021448,M
10,C,C,2,7,C,1,Personal Name,Personal Name,ASD,7.666666667,92,95.81021448,M
10,C,B,2,8,B,1,Noun,Noun,ASD,7.666666667,92,95.81021448,M
11,A,E,1,1,E,1,Kin + Name,Kin + Name,ASD,7.166666667,86,123.3216039,M
11,A,G,1,2,G,1,Noun,Noun,ASD,7.166666667,86,123.3216039,M
11,A,C,1,3,C,1,Personal Pronoun,Personal Pronoun,ASD,7.166666667,86,123.3216039,M
11,A,B,1,4,B,1,Noun,Noun,ASD,7.166666667,86,123.3216039,M
11,A,C,2,5,C,1,Personal Name,Personal Name,ASD,7.166666667,86,123.3216039,M
11,A,E,2,6,E,1,Kin + Name,Kin + Name,ASD,7.166666667,86,123.3216039,M
11,A,B,2,7,B,1,Noun,Noun,ASD,7.166666667,86,123.3216039,M
11,A,G,2,8,G,1,Noun,Noun,ASD,7.166666667,86,123.3216039,M
12,B,C,1,1,C,1,Personal Name,Personal Name,ASD,12.66666667,152,71.78809588,M
12,B,E,1,2,E,1,Kin Term,Kin Term,ASD,12.66666667,152,71.78809588,M
12,B,B,1,3,B,1,Kin Term,Kin Term,ASD,12.66666667,152,71.78809588,M
12,B,G,1,4,G,1,Kin Term,Kin Term,ASD,12.66666667,152,71.78809588,M
12,B,G,2,5,G,1,Kin Term,Kin Term,ASD,12.66666667,152,71.78809588,M
12,B,B,2,6,B,1,Noun,Noun,ASD,12.66666667,152,71.78809588,M
12,B,E,2,7,E,1,Kin Term,Kin Term,ASD,12.66666667,152,71.78809588,M
12,B,C,2,8,C,1,Personal Name,Personal Name,ASD,12.66666667,152,71.78809588,M
13,C,G,1,1,G,1,Noun,Noun,ASD,12.33333333,148,53.64651541,M
13,C,B,1,2,G,0,Noun,Noun,ASD,12.33333333,148,53.64651541,M
13,C,E,1,3,E,1,Kin + Name,Kin + Name,ASD,12.33333333,148,53.64651541,M
13,C,C,1,4,C,1,Personal Name,Personal Name,ASD,12.33333333,148,53.64651541,M
13,C,E,2,5,E,1,Kin + Name,Kin + Name,ASD,12.33333333,148,53.64651541,M
13,C,G,2,6,G,1,Noun,Noun,ASD,12.33333333,148,53.64651541,M
13,C,C,2,7,C,1,Personal Name,Personal Name,ASD,12.33333333,148,53.64651541,M
13,C,B,2,8,G,0,Noun,Noun,ASD,12.33333333,148,53.64651541,M
14,A,E,1,1,E,1,Occupational Title,Occupational Title,ASD,10.16666667,122,76.67839608,M
14,A,G,1,2,G,1,Noun,Noun,ASD,10.16666667,122,76.67839608,M
14,A,C,1,3,C,1,Personal Name,Personal Name,ASD,10.16666667,122,76.67839608,M
14,A,B,1,4,B,1,Noun,Noun,ASD,10.16666667,122,76.67839608,M
14,A,C,2,5,C,1,Personal Name,Personal Name,ASD,10.16666667,122,76.67839608,M
14,A,E,2,6,E,1,Occupational Title,Occupational Title,ASD,10.16666667,122,76.67839608,M
14,A,B,2,7,B,1,Noun,Noun,ASD,10.16666667,122,76.67839608,M
14,A,G,2,8,G,1,Noun,Noun,ASD,10.16666667,122,76.67839608,M
15,B,C,1,1,C,1,Personal Name,Personal Name,ASD,8.166666667,98,81.6020782,M
15,B,E,1,2,E,1,Occupational Title,Occupational Title,ASD,8.166666667,98,81.6020782,M
15,B,B,1,3,B,1,Noun,Noun,ASD,8.166666667,98,81.6020782,M
15,B,G,1,4,G,1,Noun,Noun,ASD,8.166666667,98,81.6020782,M
15,B,G,2,5,G,1,Noun,Noun,ASD,8.166666667,98,81.6020782,M
15,B,B,2,6,B,1,Noun,Noun,ASD,8.166666667,98,81.6020782,M
15,B,E,2,7,E,1,Kin + Name,Kin + Name,ASD,8.166666667,98,81.6020782,M
15,B,C,2,8,C,1,Personal Name,Personal Name,ASD,8.166666667,98,81.6020782,M
16,C,G,1,1,G,1,Noun,Noun,ASD,7.916666667,95,130.8062337,M
16,C,B,1,2,B,1,Noun,Noun,ASD,7.916666667,95,130.8062337,M
16,C,E,1,3,E,1,Kin + Name,Kin + Name,ASD,7.916666667,95,130.8062337,M
16,C,C,1,4,C,1,Personal Name,Personal Name,ASD,7.916666667,95,130.8062337,M
16,C,E,2,5,E,1,Kin + Name,Kin + Name,ASD,7.916666667,95,130.8062337,M
16,C,G,2,6,B,0,Noun,Noun,ASD,7.916666667,95,130.8062337,M
16,C,C,2,7,C,1,Personal Name,Personal Name,ASD,7.916666667,95,130.8062337,M
16,C,B,2,8,B,1,Noun,Noun,ASD,7.916666667,95,130.8062337,M
17,A,E,1,1,E,1,Occupational Title,Occupational Title,ASD,8.083333333,97,95.41778818,M
17,A,G,1,2,G,1,Noun,Noun,ASD,8.083333333,97,95.41778818,M
17,A,C,1,3,C,1,Personal Pronoun,Personal Pronoun,ASD,8.083333333,97,95.41778818,M
17,A,B,1,4,B,1,Noun,Noun,ASD,8.083333333,97,95.41778818,M
17,A,C,2,5,C,1,Personal Pronoun,Personal Pronoun,ASD,8.083333333,97,95.41778818,M
17,A,E,2,6,E,1,Kin + Name,Kin + Name,ASD,8.083333333,97,95.41778818,M
17,A,B,2,7,B,1,Noun,Noun,ASD,8.083333333,97,95.41778818,M
17,A,G,2,8,G,1,Noun,Noun,ASD,8.083333333,97,95.41778818,M
18,B,C,1,1,C,1,Personal Name,Personal Name,ASD,8.5,102,81.6020782,M
18,B,E,1,2,E,1,Kin + Name,Kin + Name,ASD,8.5,102,81.6020782,M
18,B,B,1,3,B,1,Noun,Noun,ASD,8.5,102,81.6020782,M
18,B,G,1,4,G,1,Noun,Noun,ASD,8.5,102,81.6020782,M
18,B,G,2,5,G,1,Noun,Noun,ASD,8.5,102,81.6020782,M
18,B,B,2,6,B,1,Noun,Noun,ASD,8.5,102,81.6020782,M
18,B,E,2,7,E,1,Occu + Name,Occu + Name,ASD,8.5,102,81.6020782,M
18,B,C,2,8,C,1,Personal Name,Personal Name,ASD,8.5,102,81.6020782,M
19,C,G,1,1,G,1,Noun,Noun,ASD,12.83333333,154,53.64651541,M
19,C,B,1,2,B,1,Noun,Noun,ASD,12.83333333,154,53.64651541,M
19,C,E,1,3,E,1,Noun,Noun,ASD,12.83333333,154,53.64651541,M
19,C,C,1,4,C,1,Personal Name,Personal Name,ASD,12.83333333,154,53.64651541,M
19,C,E,2,5,E,1,Occu + Name,Occu + Name,ASD,12.83333333,154,53.64651541,M
19,C,G,2,6,G,1,Noun,Noun,ASD,12.83333333,154,53.64651541,M
19,C,C,2,7,C,1,Personal Name,Personal Name,ASD,12.83333333,154,53.64651541,M
19,C,B,2,8,B,1,Noun,Noun,ASD,12.83333333,154,53.64651541,M
20,B,C,1,1,C,1,Personal Pronoun,Personal Pronoun,TD,7,84,130.8062337,F
20,B,E,1,2,E,1,Occupational Title,Occupational Title,TD,7,84,130.8062337,F
20,B,B,1,3,B,1,Noun,DemN,TD,7,84,130.8062337,F
20,B,G,1,4,G,1,Noun,Noun,TD,7,84,130.8062337,F
20,B,G,2,5,G,1,Noun,Noun,TD,7,84,130.8062337,F
20,B,B,2,6,B,1,Noun,Noun,TD,7,84,130.8062337,F
20,B,E,2,7,E,1,Kin Term,Kin Term,TD,7,84,130.8062337,F
20,B,C,2,8,C,1,Personal Pronoun,Personal Pronoun,TD,7,84,130.8062337,F
21,A,E,1,1,E,1,Occupational Title,Occupational Title,TD,7.083333333,85,118.3979218,M
21,A,G,1,2,G,1,Noun,Noun,TD,7.083333333,85,118.3979218,M
21,A,C,1,3,C,1,Personal Pronoun,Personal Pronoun,TD,7.083333333,85,118.3979218,M
21,A,B,1,4,B,1,Noun,Noun,TD,7.083333333,85,118.3979218,M
21,A,C,2,5,C,1,Personal Pronoun,Personal Pronoun,TD,7.083333333,85,118.3979218,M
21,A,E,2,6,E,1,Kin Term,Kin Term,TD,7.083333333,85,118.3979218,M
21,A,B,2,7,B,1,Noun,Noun,TD,7.083333333,85,118.3979218,M
21,A,G,2,8,G,1,Noun,Noun,TD,7.083333333,85,118.3979218,M
22,B,C,1,1,UK,0,Kin Term,Kin Term,ASD,7.416666667,89,98.87095207,M
22,B,E,1,2,UK,0,Personal Name,Personal Name,ASD,7.416666667,89,98.87095207,M
22,B,B,1,3,UK,0,Noun,Noun,ASD,7.416666667,89,98.87095207,M
22,B,G,1,4,C,0,Kin + Name,Kin + Name,ASD,7.416666667,89,98.87095207,M
22,B,G,2,5,UK,0,Noun,Noun,ASD,7.416666667,89,98.87095207,M
22,B,B,2,6,UK,0,Noun,Noun,ASD,7.416666667,89,98.87095207,M
22,B,E,2,7,UK,0,Noun,Noun,ASD,7.416666667,89,98.87095207,M
22,B,C,2,8,UK,0,Noun,Noun,ASD,7.416666667,89,98.87095207,M
23,C,G,1,1,G,1,Noun,Noun,ASD,10.16666667,122,96.19979345,M
23,C,B,1,2,B,1,Noun,Noun,ASD,10.16666667,122,96.19979345,M
23,C,E,1,3,E,1,Kin Term,Kin Term,ASD,10.16666667,122,96.19979345,M
23,C,C,1,4,C,1,Personal Name,Personal Name,ASD,10.16666667,122,96.19979345,M
23,C,E,2,5,E,1,Kin + Name,Kin + Name,ASD,10.16666667,122,96.19979345,M
23,C,G,2,6,G,1,Kin + Noun,Kin + Noun,ASD,10.16666667,122,96.19979345,M
23,C,C,2,7,C,1,Personal Name,Personal Name,ASD,10.16666667,122,96.19979345,M
23,C,B,2,8,B,1,Kin + Noun,Kin + Noun,ASD,10.16666667,122,96.19979345,M
24,B,C,1,1,C,1,Personal Pronoun,Personal Pronoun,ASD,11.83333333,142,106.5986975,F
24,B,E,1,2,E,1,Occupational Title,Occupational Title,ASD,11.83333333,142,106.5986975,F
24,B,B,1,3,B,1,Personal Pronoun,Personal Pronoun,ASD,11.83333333,142,106.5986975,F
24,B,G,1,4,B,0,Noun,Noun,ASD,11.83333333,142,106.5986975,F
24,B,G,2,5,G,1,Noun,Noun,ASD,11.83333333,142,106.5986975,F
24,B,B,2,6,B,1,Noun,Noun,ASD,11.83333333,142,106.5986975,F
24,B,E,2,7,E,1,Occupational Title,Occupational Title,ASD,11.83333333,142,106.5986975,F
24,B,C,2,8,C,1,Personal Pronoun,Personal Pronoun,ASD,11.83333333,142,106.5986975,F
25,B,C,1,1,C,1,Personal Pronoun,Personal Pronoun,ASD,10.91666667,131,155.7852473,M
25,B,E,1,2,E,1,Kin Term,Kin Term,ASD,10.91666667,131,155.7852473,M
25,B,B,1,3,B,1,Personal Pronoun,Personal Pronoun,ASD,10.91666667,131,155.7852473,M
25,B,G,1,4,G,1,Personal Pronoun,Personal Pronoun,ASD,10.91666667,131,155.7852473,M
25,B,G,2,5,G,1,Personal Pronoun,Personal Pronoun,ASD,10.91666667,131,155.7852473,M
25,B,B,2,6,B,1,Personal Pronoun,Personal Pronoun,ASD,10.91666667,131,155.7852473,M
25,B,E,2,7,E,1,Kin Term,Kin Term,ASD,10.91666667,131,155.7852473,M
25,B,C,2,8,C,1,Personal Pronoun,Personal Pronoun,ASD,10.91666667,131,155.7852473,M
26,C,G,1,1,G,1,Noun,Noun,ASD,11.66666667,140,63.86626681,M
26,C,B,1,2,B,1,Noun,DemN,ASD,11.66666667,140,63.86626681,M
26,C,E,1,3,E,1,Kin Term,Kin Term,ASD,11.66666667,140,63.86626681,M
26,C,C,1,4,C,1,Personal Pronoun,Personal Pronoun,ASD,11.66666667,140,63.86626681,M
26,C,E,2,5,E,1,Kin Term,Kin Term,ASD,11.66666667,140,63.86626681,M
26,C,G,2,6,G,1,Noun,Noun,ASD,11.66666667,140,63.86626681,M
26,C,C,2,7,C,1,Personal Pronoun,Personal Pronoun,ASD,11.66666667,140,63.86626681,M
26,C,B,2,8,B,1,Noun,DemN,ASD,11.66666667,140,63.86626681,M
27,A,E,1,1,E,1,Kin + Name,Kin + Name,ASD,10.83333333,130,109.1921949,M
27,A,G,1,2,G,1,Noun,Noun,ASD,10.83333333,130,109.1921949,M
27,A,C,1,3,C,1,Personal Pronoun,Personal Pronoun,ASD,10.83333333,130,109.1921949,M
27,A,B,1,4,B,1,Noun,Noun,ASD,10.83333333,130,109.1921949,M
27,A,C,2,5,C,1,Personal Pronoun,Personal Pronoun,ASD,10.83333333,130,109.1921949,M
27,A,E,2,6,E,1,Kin + Name,Kin + Name,ASD,10.83333333,130,109.1921949,M
27,A,B,2,7,B,1,Noun,Noun,ASD,10.83333333,130,109.1921949,M
27,A,G,2,8,G,1,Noun,Noun,ASD,10.83333333,130,109.1921949,M
28,B,C,1,1,C,1,Reflexive Pronoun,Reflexive Pronoun,ASD,12.41666667,149,96.97159781,M
28,B,E,1,2,E,1,Kin Term,Kin Term,ASD,12.41666667,149,96.97159781,M
28,B,B,1,3,B,1,Noun,Noun,ASD,12.41666667,149,96.97159781,M
28,B,G,1,4,G,1,Noun,Noun,ASD,12.41666667,149,96.97159781,M
28,B,G,2,5,G,1,Noun,Noun,ASD,12.41666667,149,96.97159781,M
28,B,B,2,6,B,1,Noun,Noun,ASD,12.41666667,149,96.97159781,M
28,B,E,2,7,E,1,Kin Term,Kin Term,ASD,12.41666667,149,96.97159781,M
28,B,C,2,8,C,1,Personal Pronoun,Personal Pronoun,ASD,12.41666667,149,96.97159781,M
29,A,E,1,1,E,1,Occupational Title,Occupational Title,ASD,13,156,104.5822118,M
29,A,G,1,2,G,1,Noun,Noun,ASD,13,156,104.5822118,M
29,A,C,1,3,C,1,Personal Pronoun,Personal Pronoun,ASD,13,156,104.5822118,M
29,A,B,1,4,B,1,Noun,Noun,ASD,13,156,104.5822118,M
29,A,C,2,5,C,1,Personal Pronoun,Personal Pronoun,ASD,13,156,104.5822118,M
29,A,E,2,6,E,1,Occupational Title,Occupational Title,ASD,13,156,104.5822118,M
29,A,B,2,7,B,1,Noun,Noun,ASD,13,156,104.5822118,M
29,A,G,2,8,G,1,Noun,Noun,ASD,13,156,104.5822118,M
30,B,C,1,1,C,1,Personal Pronoun,Personal Pronoun,ASD,12.33333333,148,119.2232735,M
30,B,E,1,2,E,1,Occupational Title,Occupational Title,ASD,12.33333333,148,119.2232735,M
30,B,B,1,3,B,1,Noun,Noun,ASD,12.33333333,148,119.2232735,M
30,B,G,1,4,G,1,Noun,Noun,ASD,12.33333333,148,119.2232735,M
30,B,G,2,5,G,1,Noun,Noun,ASD,12.33333333,148,119.2232735,M
30,B,B,2,6,B,1,Noun,Noun,ASD,12.33333333,148,119.2232735,M
30,B,E,2,7,E,1,Kin + Name,Kin + Name,ASD,12.33333333,148,119.2232735,M
30,B,C,2,8,C,1,Personal Pronoun,Personal Pronoun,ASD,12.33333333,148,119.2232735,M
31,B,C,1,1,C,1,Personal Name,Personal Name,ASD,9.916666667,119,88.91729726,M
31,B,E,1,2,E,1,Occupational Title,Occupational Title,ASD,9.916666667,119,88.91729726,M
31,B,B,1,3,B,1,Kin Term,Kin Term,ASD,9.916666667,119,88.91729726,M
31,B,G,1,4,G,1,Noun,Noun,ASD,9.916666667,119,88.91729726,M
31,B,G,2,5,G,1,Noun,Noun,ASD,9.916666667,119,88.91729726,M
31,B,B,2,6,B,1,Noun,Noun,ASD,9.916666667,119,88.91729726,M
31,B,E,2,7,E,1,Kin + Name,Kin + Name,ASD,9.916666667,119,88.91729726,M
31,B,C,2,8,C,1,Personal Pronoun,Personal Pronoun,ASD,9.916666667,119,88.91729726,M
32,B,C,1,1,C,1,Personal Pronoun,Personal Pronoun,ASD,10,120,123.3216039,M
32,B,E,1,2,E,1,Kin + Name,Kin + Name,ASD,10,120,123.3216039,M
32,B,B,1,3,B,1,Noun,Noun,ASD,10,120,123.3216039,M
32,B,G,1,4,G,1,Noun,Noun,ASD,10,120,123.3216039,M
32,B,G,2,5,G,1,Noun,Noun,ASD,10,120,123.3216039,M
32,B,B,2,6,B,1,Noun,Noun,ASD,10,120,123.3216039,M
32,B,E,2,7,E,1,Kin + Name,Kin + Name,ASD,10,120,123.3216039,M
32,B,C,2,8,C,1,Personal Pronoun,Personal Pronoun,ASD,10,120,123.3216039,M
33,B,C,1,1,C,1,Personal Pronoun,Personal Pronoun,ASD,10.33333333,124,91.69922921,M
33,B,E,1,2,E,1,Occupational Title,Occupational Title,ASD,10.33333333,124,91.69922921,M
33,B,B,1,3,B,1,Noun,Noun,ASD,10.33333333,124,91.69922921,M
33,B,G,1,4,G,1,Noun,Noun,ASD,10.33333333,124,91.69922921,M
33,B,G,2,5,G,1,Noun,Noun,ASD,10.33333333,124,91.69922921,M
33,B,B,2,6,B,1,Noun,Noun,ASD,10.33333333,124,91.69922921,M
33,B,E,2,7,E,1,Kin + Name,Kin + Name,ASD,10.33333333,124,91.69922921,M
33,B,C,2,8,C,1,Personal Pronoun,Personal Pronoun,ASD,10.33333333,124,91.69922921,M
34,B,C,1,1,C,1,Personal Name,Personal Name,ASD,10,120,107.4377552,F
34,B,E,1,2,E,1,Occupational Title,Occupational Title,ASD,10,120,107.4377552,F
34,B,B,1,3,B,1,Noun,Noun,ASD,10,120,107.4377552,F
34,B,G,1,4,G,1,Noun,Noun,ASD,10,120,107.4377552,F
34,B,G,2,5,G,1,Noun,Noun,ASD,10,120,107.4377552,F
34,B,B,2,6,B,1,Noun,Noun,ASD,10,120,107.4377552,F
34,B,E,2,7,E,1,Occupational Title,Occupational Title,ASD,10,120,107.4377552,F
34,B,C,2,8,C,1,Personal Name,Personal Name,ASD,10,120,107.4377552,F
35,C,G,1,1,G,1,Noun,Noun,ASD,10.83333333,130,94.220193,M
35,C,B,1,2,B,1,Noun,Noun,ASD,10.83333333,130,94.220193,M
35,C,E,1,3,E,1,Occupational Title,Occupational Title,ASD,10.83333333,130,94.220193,M
35,C,C,1,4,C,1,Personal Pronoun,Personal Pronoun,ASD,10.83333333,130,94.220193,M
35,C,E,2,5,E,1,Occupational Title,Occupational Title,ASD,10.83333333,130,94.220193,M
35,C,G,2,6,G,1,Noun,Noun,ASD,10.83333333,130,94.220193,M
35,C,C,2,7,C,1,Personal Pronoun,Personal Pronoun,ASD,10.83333333,130,94.220193,M
35,C,B,2,8,B,1,Noun,Noun,ASD,10.83333333,130,94.220193,M
38,A,E,1,1,E,1,Occupational Title,Occupational Title,TD,7.916666667,95,128.2119041,M
38,A,G,1,2,G,1,Noun,Noun,TD,7.916666667,95,128.2119041,M
38,A,C,1,3,C,1,Personal Pronoun,Personal Pronoun,TD,7.916666667,95,128.2119041,M
38,A,B,1,4,B,1,Noun,Noun,TD,7.916666667,95,128.2119041,M
38,A,C,2,5,C,1,Personal Pronoun,Personal Pronoun,TD,7.916666667,95,128.2119041,M
38,A,E,2,6,E,1,Kin Term,Kin Term,TD,7.916666667,95,128.2119041,M
38,A,B,2,7,B,1,Noun,Noun,TD,7.916666667,95,128.2119041,M
38,A,G,2,8,G,1,Noun,Noun,TD,7.916666667,95,128.2119041,M
39,C,G,1,1,G,1,Noun,Noun,TD,8.583333333,103,123.3216039,M
39,C,B,1,2,B,1,Noun,Noun,TD,8.583333333,103,123.3216039,M
39,C,E,1,3,E,1,Occupational Title,Occupational Title,TD,8.583333333,103,123.3216039,M
39,C,C,1,4,C,1,Personal Pronoun,Personal Pronoun,TD,8.583333333,103,123.3216039,M
39,C,E,2,5,E,1,Kin + Name,Kin + Name,TD,8.583333333,103,123.3216039,M
39,C,G,2,6,G,1,Noun,Noun,TD,8.583333333,103,123.3216039,M
39,C,C,2,7,C,1,Personal Pronoun,Personal Pronoun,TD,8.583333333,103,123.3216039,M
39,C,B,2,8,B,1,Noun,Noun,TD,8.583333333,103,123.3216039,M
40,C,G,1,1,G,1,Noun,Noun,TD,8.666666667,104,87.3756815,M
40,C,B,1,2,B,1,Noun,Noun,TD,8.666666667,104,87.3756815,M
40,C,E,1,3,E,1,Occupational Title,Occupational Title,TD,8.666666667,104,87.3756815,M
40,C,C,1,4,C,1,Personal Pronoun,Personal Pronoun,TD,8.666666667,104,87.3756815,M
40,C,E,2,5,E,1,Kin Term,Kin Term,TD,8.666666667,104,87.3756815,M
40,C,G,2,6,G,1,Noun,Noun,TD,8.666666667,104,87.3756815,M
40,C,C,2,7,C,1,Personal Pronoun,Personal Pronoun,TD,8.666666667,104,87.3756815,M
40,C,B,2,8,B,1,Noun,Noun,TD,8.666666667,104,87.3756815,M
41,B,C,1,1,C,1,Personal Pronoun,Personal Pronoun,TD,8.75,105,155.7852473,M
41,B,E,1,2,E,1,Occupational Title,Occupational Title,TD,8.75,105,155.7852473,M
41,B,B,1,3,B,1,Personal Pronoun,Personal Pronoun,TD,8.75,105,155.7852473,M
41,B,G,1,4,G,1,Personal Pronoun,Personal Pronoun,TD,8.75,105,155.7852473,M
41,B,G,2,5,G,1,Personal Pronoun,Personal Pronoun,TD,8.75,105,155.7852473,M
41,B,B,2,6,B,1,Personal Pronoun,Personal Pronoun,TD,8.75,105,155.7852473,M
41,B,E,2,7,E,1,Kin + Name,Kin + Name,TD,8.75,105,155.7852473,M
41,B,C,2,8,C,1,Personal Pronoun,Personal Pronoun,TD,8.75,105,155.7852473,M
42,C,G,1,1,G,1,Noun,Noun,TD,9.083333333,109,155.7852473,M
42,C,B,1,2,B,1,Noun,Noun,TD,9.083333333,109,155.7852473,M
42,C,E,1,3,E,1,Occupational Title,Occupational Title,TD,9.083333333,109,155.7852473,M
42,C,C,1,4,C,1,Personal Pronoun,Personal Pronoun,TD,9.083333333,109,155.7852473,M
42,C,E,2,5,E,1,Kin + Name,Kin + Name,TD,9.083333333,109,155.7852473,M
42,C,G,2,6,G,1,Noun,Noun,TD,9.083333333,109,155.7852473,M
42,C,C,2,7,C,1,Personal Pronoun,Personal Pronoun,TD,9.083333333,109,155.7852473,M
42,C,B,2,8,B,1,Noun,Noun,TD,9.083333333,109,155.7852473,M
43,B,C,1,1,C,1,Personal Pronoun,Personal Pronoun,TD,10.41666667,125,114.3124788,M
43,B,E,1,2,E,1,Kin Term,Kin Term,TD,10.41666667,125,114.3124788,M
43,B,B,1,3,B,1,Noun,Noun,TD,10.41666667,125,114.3124788,M
43,B,G,1,4,G,1,Noun,Noun,TD,10.41666667,125,114.3124788,M
43,B,G,2,5,G,1,Noun,Noun,TD,10.41666667,125,114.3124788,M
43,B,B,2,6,B,1,Noun,Noun,TD,10.41666667,125,114.3124788,M
43,B,E,2,7,E,1,Kin Term,Kin Term,TD,10.41666667,125,114.3124788,M
43,B,C,2,8,C,1,Personal Pronoun,Personal Pronoun,TD,10.41666667,125,114.3124788,M
44,C,G,1,1,G,1,Noun,DemN,TD,10.25,123,102.6456125,M
44,C,B,1,2,B,1,Noun,Noun,TD,10.25,123,102.6456125,M
44,C,E,1,3,E,1,Kin Term,Kin Term,TD,10.25,123,102.6456125,M
44,C,C,1,4,C,1,Personal Pronoun,Personal Pronoun,TD,10.25,123,102.6456125,M
44,C,E,2,5,E,1,Kin Term,Kin Term,TD,10.25,123,102.6456125,M
44,C,G,2,6,G,1,Noun,Noun,TD,10.25,123,102.6456125,M
44,C,C,2,7,C,1,Personal Pronoun,Personal Pronoun,TD,10.25,123,102.6456125,M
44,C,B,2,8,B,1,Noun,Noun,TD,10.25,123,102.6456125,M
45,A,E,1,1,E,1,Kin Term,Kin Term,TD,9.916666667,119,87.3756815,M
45,A,G,1,2,G,1,Noun,Noun,TD,9.916666667,119,87.3756815,M
45,A,C,1,3,C,1,Personal Pronoun,Personal Pronoun,TD,9.916666667,119,87.3756815,M
45,A,B,1,4,B,1,Noun,DemN,TD,9.916666667,119,87.3756815,M
45,A,C,2,5,C,1,Personal Pronoun,Personal Pronoun,TD,9.916666667,119,87.3756815,M
45,A,E,2,6,E,1,Kin Term,Kin Term,TD,9.916666667,119,87.3756815,M
45,A,B,2,7,B,1,Noun,Noun,TD,9.916666667,119,87.3756815,M
45,A,G,2,8,G,1,Noun,Noun,TD,9.916666667,119,87.3756815,M
46,B,C,1,1,C,1,Personal Pronoun,Personal Pronoun,TD,10.58333333,127,122.1368654,M
46,B,E,1,2,E,1,Occupational Title,Occupational Title,TD,10.58333333,127,122.1368654,M
46,B,B,1,3,B,1,Noun,Noun,TD,10.58333333,127,122.1368654,M
46,B,G,1,4,G,1,Noun,Noun,TD,10.58333333,127,122.1368654,M
46,B,G,2,5,G,1,Noun,Noun,TD,10.58333333,127,122.1368654,M
46,B,B,2,6,B,1,Noun,Noun,TD,10.58333333,127,122.1368654,M
46,B,E,2,7,E,1,Kin + Name,Kin + Name,TD,10.58333333,127,122.1368654,M
46,B,C,2,8,C,1,Personal Pronoun,Personal Pronoun,TD,10.58333333,127,122.1368654,M
47,C,G,1,1,G,1,Noun,Noun,TD,10.08333333,121,97.73546177,F
47,C,B,1,2,B,1,Noun,Noun,TD,10.08333333,121,97.73546177,F
47,C,E,1,3,E,1,Kin Term,Kin Term,TD,10.08333333,121,97.73546177,F
47,C,C,1,4,C,1,Personal Pronoun,Personal Pronoun,TD,10.08333333,121,97.73546177,F
47,C,E,2,5,E,1,Kin Term,Kin Term,TD,10.08333333,121,97.73546177,F
47,C,G,2,6,G,1,Noun,Noun,TD,10.08333333,121,97.73546177,F
47,C,C,2,7,C,1,Personal Pronoun,Personal Pronoun,TD,10.08333333,121,97.73546177,F
47,C,B,2,8,B,1,Noun,Noun,TD,10.08333333,121,97.73546177,F
48,A,E,1,1,E,1,Kin Term,Kin Term,TD,10,120,97.73546177,F
48,A,G,1,2,G,1,Noun,DemN,TD,10,120,97.73546177,F
48,A,C,1,3,C,1,Personal Pronoun,Personal Pronoun,TD,10,120,97.73546177,F
48,A,B,1,4,B,1,Noun,DemN,TD,10,120,97.73546177,F
48,A,C,2,5,C,1,Personal Pronoun,Personal Pronoun,TD,10,120,97.73546177,F
48,A,E,2,6,E,1,Kin Term,Kin Term,TD,10,120,97.73546177,F
48,A,B,2,7,B,1,Noun,DemN,TD,10,120,97.73546177,F
48,A,G,2,8,G,1,Noun,DemN,TD,10,120,97.73546177,F
49,C,G,1,1,G,1,Noun,Noun,TD,10,120,155.7852473,M
49,C,B,1,2,B,1,Noun,Noun,TD,10,120,155.7852473,M
49,C,E,1,3,E,1,Kin Term,Kin Term,TD,10,120,155.7852473,M
49,C,C,1,4,C,1,Personal Pronoun,Personal Pronoun,TD,10,120,155.7852473,M
49,C,E,2,5,E,1,Kin Term,Kin Term,TD,10,120,155.7852473,M
49,C,G,2,6,G,1,Noun,Noun,TD,10,120,155.7852473,M
49,C,C,2,7,C,1,Personal Pronoun,Personal Pronoun,TD,10,120,155.7852473,M
49,C,B,2,8,B,1,Noun,Noun,TD,10,120,155.7852473,M
50,A,E,1,1,E,1,Kin Term,Kin Term,TD,10.41666667,125,134.8952181,M
50,A,G,1,2,G,1,Personal Pronoun,Personal Pronoun,TD,10.41666667,125,134.8952181,M
50,A,C,1,3,C,1,Personal Pronoun,Personal Pronoun,TD,10.41666667,125,134.8952181,M
50,A,B,1,4,B,1,Noun,DemN,TD,10.41666667,125,134.8952181,M
50,A,C,2,5,C,1,Personal Pronoun,Personal Pronoun,TD,10.41666667,125,134.8952181,M
50,A,E,2,6,E,1,Kin Term,Kin Term,TD,10.41666667,125,134.8952181,M
50,A,B,2,7,B,1,Noun,DemN,TD,10.41666667,125,134.8952181,M
50,A,G,2,8,G,1,Personal Pronoun,Personal Pronoun,TD,10.41666667,125,134.8952181,M
51,C,G,1,1,G,1,Noun,Noun,TD,11.41666667,137,102.6456125,M
51,C,B,1,2,B,1,Noun,Noun,TD,11.41666667,137,102.6456125,M
51,C,E,1,3,E,1,Occupational Title,Occupational Title,TD,11.41666667,137,102.6456125,M
51,C,C,1,4,C,1,Personal Pronoun,Personal Pronoun,TD,11.41666667,137,102.6456125,M
51,C,E,2,5,E,1,Occupational Title,Occupational Title,TD,11.41666667,137,102.6456125,M
51,C,G,2,6,G,1,Noun,Noun,TD,11.41666667,137,102.6456125,M
51,C,C,2,7,C,1,Personal Pronoun,Personal Pronoun,TD,11.41666667,137,102.6456125,M
51,C,B,2,8,B,1,Noun,Noun,TD,11.41666667,137,102.6456125,M
52,A,E,1,1,E,1,Kin Term,Kin Term,TD,11.08333333,133,111.0827027,M
52,A,G,1,2,G,1,Noun,Noun,TD,11.08333333,133,111.0827027,M
52,A,C,1,3,C,1,Personal Pronoun,Personal Pronoun,TD,11.08333333,133,111.0827027,M
52,A,B,1,4,B,1,Noun,Noun,TD,11.08333333,133,111.0827027,M
52,A,C,2,5,C,1,Personal Pronoun,Personal Pronoun,TD,11.08333333,133,111.0827027,M
52,A,E,2,6,E,1,Kin Term,Kin Term,TD,11.08333333,133,111.0827027,M
52,A,B,2,7,B,1,Noun,Noun,TD,11.08333333,133,111.0827027,M
52,A,G,2,8,G,1,Noun,Noun,TD,11.08333333,133,111.0827027,M
53,B,C,1,1,C,1,Personal Pronoun,Personal Pronoun,TD,11.75,141,101.8849202,M
53,B,E,1,2,E,1,Kin Term,Kin Term,TD,11.75,141,101.8849202,M
53,B,B,1,3,B,1,Noun,Noun,TD,11.75,141,101.8849202,M
53,B,G,1,4,G,1,Noun,Noun,TD,11.75,141,101.8849202,M
53,B,G,2,5,G,1,Noun,Noun,TD,11.75,141,101.8849202,M
53,B,B,2,6,B,1,Noun,Noun,TD,11.75,141,101.8849202,M
53,B,E,2,7,E,1,Kin Term,Kin Term,TD,11.75,141,101.8849202,M
53,B,C,2,8,C,1,Personal Pronoun,Personal Pronoun,TD,11.75,141,101.8849202,M
54,C,G,1,1,G,1,Noun,Noun,TD,10.91666667,131,123.3216039,M
54,C,B,1,2,B,1,Noun,Noun,TD,10.91666667,131,123.3216039,M
54,C,E,1,3,E,1,Occupational Title,Occupational Title,TD,10.91666667,131,123.3216039,M
54,C,C,1,4,C,1,Personal Pronoun,Personal Pronoun,TD,10.91666667,131,123.3216039,M
54,C,E,2,5,E,1,Kin + Name,Kin + Name,TD,10.91666667,131,123.3216039,M
54,C,G,2,6,G,1,Noun,Noun,TD,10.91666667,131,123.3216039,M
54,C,C,2,7,C,1,Personal Pronoun,Personal Pronoun,TD,10.91666667,131,123.3216039,M
54,C,B,2,8,B,1,Noun,Noun,TD,10.91666667,131,123.3216039,M
55,A,E,1,1,E,1,Kin Term,Kin Term,TD,11.16666667,134,134.8952181,M
55,A,G,1,2,G,1,Noun,Noun,TD,11.16666667,134,134.8952181,M
55,A,C,1,3,C,1,Personal Pronoun,Personal Pronoun,TD,11.16666667,134,134.8952181,M
55,A,B,1,4,B,1,Noun,Noun,TD,11.16666667,134,134.8952181,M
55,A,C,2,5,C,1,Personal Pronoun,Personal Pronoun,TD,11.16666667,134,134.8952181,M
55,A,E,2,6,E,1,Kin Term,Kin Term,TD,11.16666667,134,134.8952181,M
55,A,B,2,7,B,1,Noun,Noun,TD,11.16666667,134,134.8952181,M
55,A,G,2,8,G,1,Noun,Noun,TD,11.16666667,134,134.8952181,M
56,C,G,1,1,G,1,Noun,Noun,TD,11,132,104.5822118,M
56,C,B,1,2,B,1,Noun,Noun,TD,11,132,104.5822118,M
56,C,E,1,3,E,1,Kin Term,Kin Term,TD,11,132,104.5822118,M
56,C,C,1,4,C,1,Personal Pronoun,Personal Pronoun,TD,11,132,104.5822118,M
56,C,E,2,5,E,1,Kin Term,Kin Term,TD,11,132,104.5822118,M
56,C,G,2,6,G,1,Noun,Noun,TD,11,132,104.5822118,M
56,C,C,2,7,C,1,Personal Pronoun,Personal Pronoun,TD,11,132,104.5822118,M
56,C,B,2,8,B,1,Noun,Noun,TD,11,132,104.5822118,M
58,C,G,1,1,G,1,Noun,Noun,TD,7.08333,84.99996,81.6020782,F
58,C,B,1,2,B,1,Noun,Noun,TD,7.08333,84.99996,81.6020782,F
58,C,E,1,3,E,1,Kin Term,Kin Term,TD,7.08333,84.99996,81.6020782,F
58,C,C,1,4,C,1,Personal Pronoun,Personal Pronoun,TD,7.08333,84.99996,81.6020782,F
58,C,E,2,5,E,1,Kin Term,Kin Term,TD,7.08333,84.99996,81.6020782,F
58,C,G,2,6,G,1,Noun,Noun,TD,7.08333,84.99996,81.6020782,F
58,C,C,2,7,C,1,Personal Pronoun,Personal Pronoun,TD,7.08333,84.99996,81.6020782,F
58,C,B,2,8,B,1,Noun,Noun,TD,7.08333,84.99996,81.6020782,F
60,A,E,1,1,E,1,Occupational Title,Occupational Title,TD,8.666666667,104,111.0827027,M
60,A,G,1,2,G,1,Noun,Noun,TD,8.666666667,104,111.0827027,M
60,A,C,1,3,C,1,Personal Pronoun,Personal Pronoun,TD,8.666666667,104,111.0827027,M
60,A,B,1,4,B,1,Noun,Noun,TD,8.666666667,104,111.0827027,M
60,A,C,2,5,C,1,Personal Pronoun,Personal Pronoun,TD,8.666666667,104,111.0827027,M
60,A,E,2,6,E,1,Kin Term,Kin Term,TD,8.666666667,104,111.0827027,M
60,A,B,2,7,B,1,Noun,Noun,TD,8.666666667,104,111.0827027,M
60,A,G,2,8,G,1,Noun,Noun,TD,8.666666667,104,111.0827027,M
61,B,C,1,1,C,1,Personal Name,Personal Name,TD,7.916666667,95,98.49349419,M
61,B,E,1,2,E,1,Occupational Title,Occupational Title,TD,7.916666667,95,98.49349419,M
61,B,B,1,3,B,1,Noun,Noun,TD,7.916666667,95,98.49349419,M
61,B,G,1,4,G,1,Noun,Noun,TD,7.916666667,95,98.49349419,M
61,B,G,2,5,G,1,Noun,Noun,TD,7.916666667,95,98.49349419,M
61,B,B,2,6,B,1,Noun,Noun,TD,7.916666667,95,98.49349419,M
61,B,E,2,7,E,1,Occupational Title,Occupational Title,TD,7.916666667,95,98.49349419,M
61,B,C,2,8,C,1,Personal Name,Personal Name,TD,7.916666667,95,98.49349419,M
62,C,G,1,1,G,1,Noun,Noun,TD,6.333333333,76,113.1684444,M
62,C,B,1,2,B,1,Noun,Noun,TD,6.333333333,76,113.1684444,M
62,C,E,1,3,E,1,Occupational Title,Occupational Title,TD,6.333333333,76,113.1684444,M
62,C,C,1,4,C,1,Personal Pronoun,Personal Pronoun,TD,6.333333333,76,113.1684444,M
62,C,E,2,5,E,1,Occupational Title,Occupational Title,TD,6.333333333,76,113.1684444,M
62,C,G,2,6,G,1,Noun,Noun,TD,6.333333333,76,113.1684444,M
62,C,C,2,7,C,1,Personal Pronoun,Personal Pronoun,TD,6.333333333,76,113.1684444,M
62,C,B,2,8,B,1,Noun,Noun,TD,6.333333333,76,113.1684444,M
63,A,E,1,1,E,1,Occupational Title,Occupational Title,TD,6.583333333,79,111.5828982,M
63,A,G,1,2,G,1,Noun,Noun,TD,6.583333333,79,111.5828982,M
63,A,C,1,3,C,1,Personal Pronoun,Personal Pronoun,TD,6.583333333,79,111.5828982,M
63,A,B,1,4,B,1,Noun,Noun,TD,6.583333333,79,111.5828982,M
63,A,C,2,5,C,1,Personal Pronoun,Personal Pronoun,TD,6.583333333,79,111.5828982,M
63,A,E,2,6,E,1,Occupational Title,Occupational Title,TD,6.583333333,79,111.5828982,M
63,A,B,2,7,B,1,Noun,Noun,TD,6.583333333,79,111.5828982,M
63,A,G,2,8,G,1,Noun,Noun,TD,6.583333333,79,111.5828982,M
64,A,E,1,1,E,1,Kin Term,Kin Term,TD,7.666666667,92,97.35438753,M
64,A,G,1,2,G,1,Noun,Noun,TD,7.666666667,92,97.35438753,M
64,A,C,1,3,C,1,Personal Pronoun,Personal Pronoun,TD,7.666666667,92,97.35438753,M
64,A,B,1,4,B,1,Noun,Noun,TD,7.666666667,92,97.35438753,M
64,A,C,2,5,C,1,Personal Pronoun,Personal Pronoun,TD,7.666666667,92,97.35438753,M
64,A,E,2,6,E,1,Kin Term,Kin Term,TD,7.666666667,92,97.35438753,M
64,A,B,2,7,B,1,Noun,Noun,TD,7.666666667,92,97.35438753,M
64,A,G,2,8,G,1,Noun,Noun,TD,7.666666667,92,97.35438753,M
65,B,C,1,1,C,1,Personal Pronoun,Personal Pronoun,TD,7.166666667,86,119.2232735,M
65,B,E,1,2,E,1,Occupational Title,Occupational Title,TD,7.166666667,86,119.2232735,M
65,B,B,1,3,B,1,Noun,Noun,TD,7.166666667,86,119.2232735,M
65,B,G,1,4,G,1,Noun,Noun,TD,7.166666667,86,119.2232735,M
65,B,G,2,5,G,1,Noun,Noun,TD,7.166666667,86,119.2232735,M
65,B,B,2,6,B,1,Noun,Noun,TD,7.166666667,86,119.2232735,M
65,B,E,2,7,E,1,Occupational Title,Occupational Title,TD,7.166666667,86,119.2232735,M
65,B,C,2,8,C,1,Personal Pronoun,Personal Pronoun,TD,7.166666667,86,119.2232735,M
66,C,G,1,1,G,1,Noun,Noun,TD,7.333333333,88,155.7852473,M
66,C,B,1,2,B,1,Noun,Noun,TD,7.333333333,88,155.7852473,M
66,C,E,1,3,E,1,Occupational Title,Occupational Title,TD,7.333333333,88,155.7852473,M
66,C,C,1,4,C,1,Personal Pronoun,Personal Pronoun,TD,7.333333333,88,155.7852473,M
66,C,E,2,5,E,1,Kin Term,Kin Term,TD,7.333333333,88,155.7852473,M
66,C,G,2,6,G,1,Noun,Noun,TD,7.333333333,88,155.7852473,M
66,C,C,2,7,C,1,Personal Pronoun,Personal Pronoun,TD,7.333333333,88,155.7852473,M
66,C,B,2,8,B,1,Noun,Noun,TD,7.333333333,88,155.7852473,M
67,C,G,1,1,G,1,Noun,Noun,TD,8.333333333,100,126.2602911,M
67,C,B,1,2,B,1,Noun,Noun,TD,8.333333333,100,126.2602911,M
67,C,E,1,3,E,1,Occupational Title,Occupational Title,TD,8.333333333,100,126.2602911,M
67,C,C,1,4,C,1,Personal Pronoun,Personal Pronoun,TD,8.333333333,100,126.2602911,M
67,C,E,2,5,E,1,Kin + Name,Kin + Name,TD,8.333333333,100,126.2602911,M
67,C,G,2,6,G,1,Noun,Noun,TD,8.333333333,100,126.2602911,M
67,C,C,2,7,C,1,Personal Pronoun,Personal Pronoun,TD,8.333333333,100,126.2602911,M
67,C,B,2,8,B,1,Noun,Noun,TD,8.333333333,100,126.2602911,M
68,A,E,1,1,NA,0,Noun,Noun,TD,8.166666667,98,155.7852473,M
68,A,G,1,2,G,1,Kin Term,Kin Term,TD,8.166666667,98,155.7852473,M
68,A,C,1,3,C,1,Personal Pronoun,Personal Pronoun,TD,8.166666667,98,155.7852473,M
68,A,B,1,4,B,1,Kin Term,Kin Term,TD,8.166666667,98,155.7852473,M
68,A,C,2,5,C,1,Personal Pronoun,Personal Pronoun,TD,8.166666667,98,155.7852473,M
68,A,E,2,6,E,1,Kin Term,Kin Term,TD,8.166666667,98,155.7852473,M
68,A,B,2,7,B,1,Kin Term,Kin Term,TD,8.166666667,98,155.7852473,M
68,A,G,2,8,G,1,Kin Term,Kin Term,TD,8.166666667,98,155.7852473,M
69,C,G,1,1,G,1,Noun,Noun,TD,7,84,134.8952181,M
69,C,B,1,2,B,1,Noun,Noun,TD,7,84,134.8952181,M
69,C,E,1,3,E,1,Noun,Noun,TD,7,84,134.8952181,M
69,C,C,1,4,C,1,Noun,Noun,TD,7,84,134.8952181,M
69,C,E,2,5,E,1,Noun,Noun,TD,7,84,134.8952181,M
69,C,G,2,6,G,1,Noun,Noun,TD,7,84,134.8952181,M
69,C,C,2,7,C,1,Noun,Noun,TD,7,84,134.8952181,M
69,C,B,2,8,B,1,Noun,Noun,TD,7,84,134.8952181,M
70,A,E,1,1,E,1,Kin Term,Kin Term,TD,8.833333333,106,115.5465008,F
70,A,G,1,2,G,1,Noun,Noun,TD,8.833333333,106,115.5465008,F
70,A,C,1,3,C,1,Personal Pronoun,Personal Pronoun,TD,8.833333333,106,115.5465008,F
70,A,B,1,4,B,1,Noun,Noun,TD,8.833333333,106,115.5465008,F
70,A,C,2,5,C,1,Personal Pronoun,Personal Pronoun,TD,8.833333333,106,115.5465008,F
70,A,E,2,6,E,1,Kin Term,Kin Term,TD,8.833333333,106,115.5465008,F
70,A,B,2,7,B,1,Noun,Noun,TD,8.833333333,106,115.5465008,F
70,A,G,2,8,G,1,Noun,Noun,TD,8.833333333,106,115.5465008,F
71,B,C,1,1,C,1,Personal Name,Personal Name,TD,9.166666667,110,106.5986975,F
71,B,E,1,2,E,1,Occupational Title,Occupational Title,TD,9.166666667,110,106.5986975,F
71,B,B,1,3,B,1,Noun,Noun,TD,9.166666667,110,106.5986975,F
71,B,G,1,4,G,1,Noun,Noun,TD,9.166666667,110,106.5986975,F
71,B,G,2,5,G,1,Noun,Noun,TD,9.166666667,110,106.5986975,F
71,B,B,2,6,B,1,Noun,Noun,TD,9.166666667,110,106.5986975,F
71,B,E,2,7,E,1,Occupational Title,Occupational Title,TD,9.166666667,110,106.5986975,F
71,B,C,2,8,C,1,Personal Name,Personal Name,TD,9.166666667,110,106.5986975,F
72,A,E,1,1,E,1,Occupational Title,Occupational Title,TD,9.416666667,113,96.97159781,M
72,A,G,1,2,G,1,Noun,Noun,TD,9.416666667,113,96.97159781,M
72,A,C,1,3,C,1,Personal Pronoun,Personal Pronoun,TD,9.416666667,113,96.97159781,M
72,A,B,1,4,B,1,Noun,Noun,TD,9.416666667,113,96.97159781,M
72,A,C,2,5,C,1,Personal Pronoun,Personal Pronoun,TD,9.416666667,113,96.97159781,M
72,A,E,2,6,E,1,Kin + Name,Kin + Name,TD,9.416666667,113,96.97159781,M
72,A,B,2,7,B,1,Noun,Noun,TD,9.416666667,113,96.97159781,M
72,A,G,2,8,G,1,Noun,Noun,TD,9.416666667,113,96.97159781,M
73,C,G,1,1,G,1,Noun,Noun,TD,9.583333333,115,98.49349419,M
73,C,B,1,2,B,1,Noun,Noun,TD,9.583333333,115,98.49349419,M
73,C,E,1,3,E,1,Occupational Title,Occupational Title,TD,9.583333333,115,98.49349419,M
73,C,C,1,4,C,1,Personal Pronoun,Personal Pronoun,TD,9.583333333,115,98.49349419,M
73,C,E,2,5,E,1,Kin + Name,Kin + Name,TD,9.583333333,115,98.49349419,M
73,C,G,2,6,G,1,Noun,Noun,TD,9.583333333,115,98.49349419,M
73,C,C,2,7,C,1,Personal Pronoun,Personal Pronoun,TD,9.583333333,115,98.49349419,M
73,C,B,2,8,B,1,Noun,Noun,TD,9.583333333,115,98.49349419,M
74,A,E,1,1,E,1,Kin + Name,Kin + Name,TD,5.583333333,67,104.5822118,M
74,A,G,1,2,G,1,Noun,Noun,TD,5.583333333,67,104.5822118,M
74,A,C,1,3,C,1,Personal Name,Personal Name,TD,5.583333333,67,104.5822118,M
74,A,B,1,4,B,1,Noun,Noun,TD,5.583333333,67,104.5822118,M
74,A,C,2,5,C,1,Personal Name,Personal Name,TD,5.583333333,67,104.5822118,M
74,A,E,2,6,E,1,Kin Term,Kin Term,TD,5.583333333,67,104.5822118,M
74,A,B,2,7,B,1,Noun,Noun,TD,5.583333333,67,104.5822118,M
74,A,G,2,8,G,1,Noun,Noun,TD,5.583333333,67,104.5822118,M
75,B,C,1,1,C,1,Personal Pronoun,Personal Pronoun,TD,6.416666667,77,89.88265375,M
75,B,E,1,2,E,1,Others,Pronoun,TD,6.416666667,77,89.88265375,M
75,B,B,1,3,B,1,Noun,DemN,TD,6.416666667,77,89.88265375,M
75,B,G,1,4,G,1,Noun,DemN,TD,6.416666667,77,89.88265375,M
75,B,G,2,5,G,1,Noun,DemN,TD,6.416666667,77,89.88265375,M
75,B,B,2,6,B,1,Noun,DemN,TD,6.416666667,77,89.88265375,M
75,B,E,2,7,E,1,Kin Term,Kin Term,TD,6.416666667,77,89.88265375,M
75,B,C,2,8,C,1,Personal Pronoun,Personal Pronoun,TD,6.416666667,77,89.88265375,M
76,C,G,1,1,G,1,Noun,Noun,TD,6.416666667,77,126.2602911,F
76,C,B,1,2,B,1,Noun,Noun,TD,6.416666667,77,126.2602911,F
76,C,E,1,3,E,1,Occupational Title,Occupational Title,TD,6.416666667,77,126.2602911,F
76,C,C,1,4,C,1,Noun,Noun,TD,6.416666667,77,126.2602911,F
76,C,E,2,5,E,1,Occupational Title,Occupational Title,TD,6.416666667,77,126.2602911,F
76,C,G,2,6,G,1,Noun,Noun,TD,6.416666667,77,126.2602911,F
76,C,C,2,7,C,1,Noun,Noun,TD,6.416666667,77,126.2602911,F
76,C,B,2,8,B,1,Noun,Noun,TD,6.416666667,77,126.2602911,F
77,A,E,1,1,E,1,Occupational Title,Occupational Title,TD,6.833333333,82,114.9168682,M
77,A,G,1,2,G,1,Noun,Noun,TD,6.833333333,82,114.9168682,M
77,A,C,1,3,C,1,Personal Pronoun,Personal Pronoun,TD,6.833333333,82,114.9168682,M
77,A,B,1,4,B,1,Noun,Noun,TD,6.833333333,82,114.9168682,M
77,A,C,2,5,C,1,Personal Pronoun,Personal Pronoun,TD,6.833333333,82,114.9168682,M
77,A,E,2,6,E,1,Kin Term,Kin Term,TD,6.833333333,82,114.9168682,M
77,A,B,2,7,B,1,Noun,Noun,TD,6.833333333,82,114.9168682,M
77,A,G,2,8,G,1,Noun,Noun,TD,6.833333333,82,114.9168682,M
78,C,G,1,1,G,1,Noun,Noun,TD,4.583333333,55,99.62396638,M
78,C,B,1,2,B,1,Noun,Noun,TD,4.583333333,55,99.62396638,M
78,C,E,1,3,E,1,Kin + Name,Kin + Name,TD,4.583333333,55,99.62396638,M
78,C,C,1,4,C,1,Personal Name,Personal Name,TD,4.583333333,55,99.62396638,M
78,C,E,2,5,E,1,Kin + Name,Kin + Name,TD,4.583333333,55,99.62396638,M
78,C,G,2,6,G,1,Noun,Noun,TD,4.583333333,55,99.62396638,M
78,C,C,2,7,C,1,Personal Name,Personal Name,TD,4.583333333,55,99.62396638,M
78,C,B,2,8,B,1,Noun,Noun,TD,4.583333333,55,99.62396638,M
79,B,C,1,1,C,1,Personal Name,Personal Name,TD,6,72,102.6456125,M
79,B,E,1,2,E,1,Occupational Title,Occupational Title,TD,6,72,102.6456125,M
79,B,B,1,3,B,1,Noun,Noun,TD,6,72,102.6456125,M
79,B,G,1,4,G,1,Noun,Noun,TD,6,72,102.6456125,M
79,B,G,2,5,G,1,Noun,Noun,TD,6,72,102.6456125,M
79,B,B,2,6,B,1,Noun,Noun,TD,6,72,102.6456125,M
79,B,E,2,7,E,1,Kin + Name,Kin + Name,TD,6,72,102.6456125,M
79,B,C,2,8,C,1,Personal Name,Personal Name,TD,6,72,102.6456125,M
80,A,E,1,1,E,1,Occupational Title,Occupational Title,TD,9.166666667,110,96.97159781,M
80,A,G,1,2,G,1,Noun,Noun,TD,9.166666667,110,96.97159781,M
80,A,C,1,3,C,1,Personal Pronoun,Personal Pronoun,TD,9.166666667,110,96.97159781,M
80,A,B,1,4,B,1,Noun,Noun,TD,9.166666667,110,96.97159781,M
80,A,C,2,5,C,1,Personal Pronoun,Personal Pronoun,TD,9.166666667,110,96.97159781,M
80,A,E,2,6,E,1,Occupational Title,Occupational Title,TD,9.166666667,110,96.97159781,M
80,A,B,2,7,B,1,Noun,Noun,TD,9.166666667,110,96.97159781,M
80,A,G,2,8,G,1,Noun,Noun,TD,9.166666667,110,96.97159781,M
81,A,E,1,1,E,1,Occupational Title,Occupational Title,TD,6.333333333,76,113.7304763,F
81,A,G,1,2,G,1,Noun,Noun,TD,6.333333333,76,113.7304763,F
81,A,C,1,3,C,1,Personal Pronoun,Personal Pronoun,TD,6.333333333,76,113.7304763,F
81,A,B,1,4,B,1,Noun,Noun,TD,6.333333333,76,113.7304763,F
81,A,C,2,5,C,1,Personal Pronoun,Personal Pronoun,TD,6.333333333,76,113.7304763,F
81,A,E,2,6,E,1,Kin + Name,Kin + Name,TD,6.333333333,76,113.7304763,F
81,A,B,2,7,B,1,Noun,Noun,TD,6.333333333,76,113.7304763,F
81,A,G,2,8,G,1,Noun,Noun,TD,6.333333333,76,113.7304763,F
82,B,C,1,1,C,1,Personal Pronoun,Personal Pronoun,TD,6,72,102.6456125,M
82,B,E,1,2,E,1,Occupational Title,Occupational Title,TD,6,72,102.6456125,M
82,B,B,1,3,B,1,Noun,Noun,TD,6,72,102.6456125,M
82,B,G,1,4,G,1,Noun,Noun,TD,6,72,102.6456125,M
82,B,G,2,5,G,1,Noun,Noun,TD,6,72,102.6456125,M
82,B,B,2,6,G,0,Noun,Noun,TD,6,72,102.6456125,M
82,B,E,2,7,E,1,Occupational Title,Occupational Title,TD,6,72,102.6456125,M
82,B,C,2,8,C,1,Personal Pronoun,Personal Pronoun,TD,6,72,102.6456125,M
83,A,E,1,1,E,1,Kin Term,Kin Term,TD,6,72,102.6456125,M
83,A,G,1,2,G,1,Kin Term,Kin Term,TD,6,72,102.6456125,M
83,A,C,1,3,C,1,Reflexive Pronoun,Reflexive Pronoun,TD,6,72,102.6456125,M
83,A,B,1,4,B,1,Noun,Noun,TD,6,72,102.6456125,M
83,A,C,2,5,C,1,Personal Name,Personal Name,TD,6,72,102.6456125,M
83,A,E,2,6,E,1,Kin Term,Kin Term,TD,6,72,102.6456125,M
83,A,B,2,7,B,1,Kin Term,Kin Term,TD,6,72,102.6456125,M
83,A,G,2,8,G,1,Kin Term,Kin Term,TD,6,72,102.6456125,M
84,B,C,1,1,C,1,Personal Name,Personal Name,TD,5.916666667,71,155.7852473,M
84,B,E,1,2,E,1,Kin Term,Kin Term,TD,5.916666667,71,155.7852473,M
84,B,B,1,3,B,1,Noun,Noun,TD,5.916666667,71,155.7852473,M
84,B,G,1,4,G,1,Noun,Noun,TD,5.916666667,71,155.7852473,M
84,B,G,2,5,G,1,Noun,Noun,TD,5.916666667,71,155.7852473,M
84,B,B,2,6,B,1,Noun,Noun,TD,5.916666667,71,155.7852473,M
84,B,E,2,7,E,1,Kin Term,Kin Term,TD,5.916666667,71,155.7852473,M
84,B,C,2,8,C,1,Personal Name,Personal Name,TD,5.916666667,71,155.7852473,M
85,A,E,1,1,E,1,Occupational Title,Occupational Title,TD,6.75,81,114.9168682,M
85,A,G,1,2,G,1,Noun,Noun,TD,6.75,81,114.9168682,M
85,A,C,1,3,C,1,Personal Name,Personal Name,TD,6.75,81,114.9168682,M
85,A,B,1,4,B,1,Noun,Noun,TD,6.75,81,114.9168682,M
85,A,C,2,5,C,1,Personal Name,Personal Name,TD,6.75,81,114.9168682,M
85,A,E,2,6,E,1,Kin Term,Kin Term,TD,6.75,81,114.9168682,M
85,A,B,2,7,B,1,Noun,Noun,TD,6.75,81,114.9168682,M
85,A,G,2,8,G,1,Noun,Noun,TD,6.75,81,114.9168682,M
86,B,C,1,1,C,1,Personal Name,Personal Name,TD,6.416666667,77,109.1921949,M
86,B,E,1,2,E,1,Occupational Title,Occupational Title,TD,6.416666667,77,109.1921949,M
86,B,B,1,3,B,1,Noun,Noun,TD,6.416666667,77,109.1921949,M
86,B,G,1,4,G,1,Noun,Noun,TD,6.416666667,77,109.1921949,M
86,B,G,2,5,G,1,Noun,Noun,TD,6.416666667,77,109.1921949,M
86,B,B,2,6,B,1,Noun,Noun,TD,6.416666667,77,109.1921949,M
86,B,E,2,7,E,1,Kin + Name,Kin + Name,TD,6.416666667,77,109.1921949,M
86,B,C,2,8,C,1,Personal Name,Personal Name,TD,6.416666667,77,109.1921949,M
87,A,E,1,1,E,1,Occupational Title,Occupational Title,TD,5.916666667,71,119.2232735,M
87,A,G,1,2,G,1,Noun,Noun,TD,5.916666667,71,119.2232735,M
87,A,C,1,3,C,1,Personal Name,Personal Name,TD,5.916666667,71,119.2232735,M
87,A,B,1,4,B,1,Noun,Noun,TD,5.916666667,71,119.2232735,M
87,A,C,2,5,C,1,Personal Name,Personal Name,TD,5.916666667,71,119.2232735,M
87,A,E,2,6,E,1,Occupational Title,Occupational Title,TD,5.916666667,71,119.2232735,M
87,A,B,2,7,B,1,Noun,Noun,TD,5.916666667,71,119.2232735,M
87,A,G,2,8,G,1,Noun,Noun,TD,5.916666667,71,119.2232735,M
88,B,C,1,1,C,1,Personal Pronoun,Personal Pronoun,TD,6.25,75,113.1684444,M
88,B,E,1,2,E,1,Occupational Title,Occupational Title,TD,6.25,75,113.1684444,M
88,B,B,1,3,B,1,Noun,Noun,TD,6.25,75,113.1684444,M
88,B,G,1,4,G,1,Noun,Noun,TD,6.25,75,113.1684444,M
88,B,G,2,5,G,1,Noun,Noun,TD,6.25,75,113.1684444,M
88,B,B,2,6,B,1,Noun,Noun,TD,6.25,75,113.1684444,M
88,B,E,2,7,E,1,Kin Term,Kin Term,TD,6.25,75,113.1684444,M
88,B,C,2,8,C,1,Personal Pronoun,Personal Pronoun,TD,6.25,75,113.1684444,M
89,C,G,1,1,C,0,Personal Name,Personal Name,TD,6.25,75,107.015482,M
89,C,B,1,2,B,1,Noun,Noun,TD,6.25,75,107.015482,M
89,C,E,1,3,E,1,Occupational Title,Occupational Title,TD,6.25,75,107.015482,M
89,C,C,1,4,C,1,Personal Pronoun,Personal Pronoun,TD,6.25,75,107.015482,M
89,C,E,2,5,E,1,Kin Term,Kin Term,TD,6.25,75,107.015482,M
89,C,G,2,6,G,1,Noun,Noun,TD,6.25,75,107.015482,M
89,C,C,2,7,C,1,Personal Pronoun,Personal Pronoun,TD,6.25,75,107.015482,M
89,C,B,2,8,B,1,Noun,Noun,TD,6.25,75,107.015482,M
90,A,E,1,1,E,1,Occupational Title,Occupational Title,TD,6.666666667,80,107.015482,M
90,A,G,1,2,G,1,Noun,Noun,TD,6.666666667,80,107.015482,M
90,A,C,1,3,C,1,Reflexive Pronoun,Reflexive Pronoun,TD,6.666666667,80,107.015482,M
90,A,B,1,4,B,1,Noun,Noun,TD,6.666666667,80,107.015482,M
90,A,C,2,5,C,1,Reflexive Pronoun,Reflexive Pronoun,TD,6.666666667,80,107.015482,M
90,A,E,2,6,E,1,Occupational Title,Occupational Title,TD,6.666666667,80,107.015482,M
90,A,B,2,7,B,1,Noun,Noun,TD,6.666666667,80,107.015482,M
90,A,G,2,8,G,1,Noun,Noun,TD,6.666666667,80,107.015482,M
91,B,C,1,1,C,1,Personal Pronoun,Personal Pronoun,TD,6,72,134.8952181,M
91,B,E,1,2,E,1,Occupational Title,Occupational Title,TD,6,72,134.8952181,M
91,B,B,1,3,B,1,Noun,Noun,TD,6,72,134.8952181,M
91,B,G,1,4,G,1,Noun,Noun,TD,6,72,134.8952181,M
91,B,G,2,5,G,1,Noun,Noun,TD,6,72,134.8952181,M
91,B,B,2,6,B,1,Noun,Noun,TD,6,72,134.8952181,M
91,B,E,2,7,E,1,Occupational Title,Occupational Title,TD,6,72,134.8952181,M
91,B,C,2,8,C,1,Personal Pronoun,Personal Pronoun,TD,6,72,134.8952181,M
92,C,G,1,1,G,1,Noun,Noun,TD,6.583333333,79,120.1113255,M
92,C,B,1,2,B,1,Noun,Noun,TD,6.583333333,79,120.1113255,M
92,C,E,1,3,E,1,Occupational Title,Occupational Title,TD,6.583333333,79,120.1113255,M
92,C,C,1,4,C,1,Personal Name,Personal Name,TD,6.583333333,79,120.1113255,M
92,C,E,2,5,E,1,Kin Term,Kin Term,TD,6.583333333,79,120.1113255,M
92,C,G,2,6,G,1,Noun,Noun,TD,6.583333333,79,120.1113255,M
92,C,C,2,7,C,1,Personal Name,Personal Name,TD,6.583333333,79,120.1113255,M
92,C,B,2,8,B,1,Noun,Noun,TD,6.583333333,79,120.1113255,M
93,A,E,1,1,E,1,Occupational Title,Occupational Title,TD,6.166666667,74,155.7852473,F
93,A,G,1,2,G,1,Noun,Noun,TD,6.166666667,74,155.7852473,F
93,A,C,1,3,C,1,Personal Pronoun,Personal Pronoun,TD,6.166666667,74,155.7852473,F
93,A,B,1,4,B,1,Noun,Noun,TD,6.166666667,74,155.7852473,F
93,A,C,2,5,C,1,Personal Pronoun,Personal Pronoun,TD,6.166666667,74,155.7852473,F
93,A,E,2,6,E,1,Kin + Name,Kin + Name,TD,6.166666667,74,155.7852473,F
93,A,B,2,7,B,1,Noun,Noun,TD,6.166666667,74,155.7852473,F
93,A,G,2,8,G,1,Noun,Noun,TD,6.166666667,74,155.7852473,F
94,B,C,1,1,C,1,Personal Pronoun,Personal Pronoun,TD,5.833333333,70,134.8952181,F
94,B,E,1,2,E,1,Occupational Title,Occupational Title,TD,5.833333333,70,134.8952181,F
94,B,B,1,3,B,1,Noun,Noun,TD,5.833333333,70,134.8952181,F
94,B,G,1,4,G,1,Noun,Noun,TD,5.833333333,70,134.8952181,F
94,B,G,2,5,G,1,Noun,Noun,TD,5.833333333,70,134.8952181,F
94,B,B,2,6,B,1,Noun,Noun,TD,5.833333333,70,134.8952181,F
94,B,E,2,7,E,1,Kin Term,Kin Term,TD,5.833333333,70,134.8952181,F
94,B,C,2,8,C,1,Personal Pronoun,Personal Pronoun,TD,5.833333333,70,134.8952181,F
95,A,E,1,1,E,1,Occupational Title,Occupational Title,TD,6.083333333,73,118.3979218,M
95,A,G,1,2,G,1,Noun,Noun,TD,6.083333333,73,118.3979218,M
95,A,C,1,3,C,1,Personal Pronoun,Personal Pronoun,TD,6.083333333,73,118.3979218,M
95,A,B,1,4,B,1,Noun,Noun,TD,6.083333333,73,118.3979218,M
95,A,C,2,5,C,1,Personal Pronoun,Personal Pronoun,TD,6.083333333,73,118.3979218,M
95,A,E,2,6,E,1,Occupational Title,Occupational Title,TD,6.083333333,73,118.3979218,M
95,A,B,2,7,B,1,Noun,Noun,TD,6.083333333,73,118.3979218,M
95,A,G,2,8,G,1,Noun,Noun,TD,6.083333333,73,118.3979218,M
96,B,C,1,1,C,1,Personal Pronoun,Personal Pronoun,TD,6.416666667,77,128.2119041,M
96,B,E,1,2,E,1,Occupational Title,Occupational Title,TD,6.416666667,77,128.2119041,M
96,B,B,1,3,B,1,Noun,Noun,TD,6.416666667,77,128.2119041,M
96,B,G,1,4,G,1,Noun,Noun,TD,6.416666667,77,128.2119041,M
96,B,G,2,5,G,1,Noun,Noun,TD,6.416666667,77,128.2119041,M
96,B,B,2,6,B,1,Noun,Noun,TD,6.416666667,77,128.2119041,M
96,B,E,2,7,E,1,Kin + Name,Kin + Name,TD,6.416666667,77,128.2119041,M
96,B,C,2,8,C,1,Personal Pronoun,Personal Pronoun,TD,6.416666667,77,128.2119041,M
97,C,G,1,1,G,1,Noun,Noun,TD,6.416666667,77,111.5828982,F
97,C,B,1,2,B,1,Noun,Noun,TD,6.416666667,77,111.5828982,F
97,C,E,1,3,E,1,Occupational Title,Occupational Title,TD,6.416666667,77,111.5828982,F
97,C,C,1,4,C,1,Personal Pronoun,Personal Pronoun,TD,6.416666667,77,111.5828982,F
97,C,E,2,5,E,1,Occupational Title,Occupational Title,TD,6.416666667,77,111.5828982,F
97,C,G,2,6,G,1,Noun,Noun,TD,6.416666667,77,111.5828982,F
97,C,C,2,7,C,1,Personal Pronoun,Personal Pronoun,TD,6.416666667,77,111.5828982,F
97,C,B,2,8,B,1,Noun,Noun,TD,6.416666667,77,111.5828982,F
