item,questions,category,subcategory,type,scores,time
112,1. Kapý çaldý; açmadan ne sorarsýnýz? (KÝM O?),pragmatics,,,0,1
113,2. Birisi hapþýrýrsa ne dersiniz? (ÇOK YAÞA),pragmatics,,,0,1
114,3. Misafirleriniz gidiyorlar; uðurlarken ne dersiniz? (GÜLE GÜLE),pragmatics,,,0,1
115,4. Telefon çaldý Açtýðýnýzda ilk ne dersiniz? (ALO),pragmatics,,,0,1
116,5. Çok güzel bir yemek yediniz. Sofradan kalkýyorsunuz; yemeði piþiren kiþiye ne dersiniz? (ELÝNE SAÐLIK),pragmatics,,,0,1
117,"6. Birisi size 'Günaydýn ' derse, siz ne dersiniz? GÜNAYDIN)",pragmatics,,,0,1
118,7. Saçýnýz çok uzadý. Berbere/Kuaföre gittiniz; ne dersiniz? (SAÇIMI KES),pragmatics,,,0,1
119,8. Arkadaþýnýz hasta. Ziyaretine gittiniz; ne dersiniz? (GEÇMÝÞ OLSUN),pragmatics,,,0,1
120,"9. Bir ayakkabý almak istiyorsunuz, Üzerinde fiyatý yok: satýcýya ne sorarsýnýz? (NE KADAR?/ KAÇ LÝRA?)",pragmatics,,,0,1
121,"10. Size 'Nasýlsýnýz?"" diye sordular. Nasýl cevaplarsýnýz? (ÝYÝYÝM / HASTAYIM, vs) ",pragmatics,,,0,1
112,1. Kapý çaldý; açmadan ne sorarsýnýz? (KÝM O?),pragmatics,,,0,2
113,2. Birisi hapþýrýrsa ne dersiniz? (ÇOK YAÞA),pragmatics,,,0,2
114,3. Misafirleriniz gidiyorlar; uðurlarken ne dersiniz? (GÜLE GÜLE),pragmatics,,,0,2
115,4. Telefon çaldý Açtýðýnýzda ilk ne dersiniz? (ALO),pragmatics,,,0,2
116,5. Çok güzel bir yemek yediniz. Sofradan kalkýyorsunuz; yemeði piþiren kiþiye ne dersiniz? (ELÝNE SAÐLIK),pragmatics,,,0,2
117,"6. Birisi size 'Günaydýn ' derse, siz ne dersiniz? GÜNAYDIN)",pragmatics,,,0,2
118,7. Saçýnýz çok uzadý. Berbere/Kuaföre gittiniz; ne dersiniz? (SAÇIMI KES),pragmatics,,,0,2
119,8. Arkadaþýnýz hasta. Ziyaretine gittiniz; ne dersiniz? (GEÇMÝÞ OLSUN),pragmatics,,,0,2
120,"9. Bir ayakkabý almak istiyorsunuz, Üzerinde fiyatý yok: satýcýya ne sorarsýnýz? (NE KADAR?/ KAÇ LÝRA?)",pragmatics,,,0,2
121,"10. Size 'Nasýlsýnýz?"" diye sordular. Nasýl cevaplarsýnýz? (ÝYÝYÝM / HASTAYIM, vs) ",pragmatics,,,0,2
112,1. Kapý çaldý; açmadan ne sorarsýnýz? (KÝM O?),pragmatics,,,0,3
113,2. Birisi hapþýrýrsa ne dersiniz? (ÇOK YAÞA),pragmatics,,,0,3
114,3. Misafirleriniz gidiyorlar; uðurlarken ne dersiniz? (GÜLE GÜLE),pragmatics,,,0,3
115,4. Telefon çaldý Açtýðýnýzda ilk ne dersiniz? (ALO),pragmatics,,,0,3
116,5. Çok güzel bir yemek yediniz. Sofradan kalkýyorsunuz; yemeði piþiren kiþiye ne dersiniz? (ELÝNE SAÐLIK),pragmatics,,,0,3
117,"6. Birisi size 'Günaydýn ' derse, siz ne dersiniz? GÜNAYDIN)",pragmatics,,,0,3
118,7. Saçýnýz çok uzadý. Berbere/Kuaföre gittiniz; ne dersiniz? (SAÇIMI KES),pragmatics,,,0,3
119,8. Arkadaþýnýz hasta. Ziyaretine gittiniz; ne dersiniz? (GEÇMÝÞ OLSUN),pragmatics,,,0,3
120,"9. Bir ayakkabý almak istiyorsunuz, Üzerinde fiyatý yok: satýcýya ne sorarsýnýz? (NE KADAR?/ KAÇ LÝRA?)",pragmatics,,,0,3
121,"10. Size 'Nasýlsýnýz?"" diye sordular. Nasýl cevaplarsýnýz? (ÝYÝYÝM / HASTAYIM, vs) ",pragmatics,,,0,3
112,1. Kapý çaldý; açmadan ne sorarsýnýz? (KÝM O?),pragmatics,,,0,4
113,2. Birisi hapþýrýrsa ne dersiniz? (ÇOK YAÞA),pragmatics,,,0,4
114,3. Misafirleriniz gidiyorlar; uðurlarken ne dersiniz? (GÜLE GÜLE),pragmatics,,,4,4
115,4. Telefon çaldý Açtýðýnýzda ilk ne dersiniz? (ALO),pragmatics,,,2,4
116,5. Çok güzel bir yemek yediniz. Sofradan kalkýyorsunuz; yemeði piþiren kiþiye ne dersiniz? (ELÝNE SAÐLIK),pragmatics,,,0,4
117,"6. Birisi size 'Günaydýn ' derse, siz ne dersiniz? GÜNAYDIN)",pragmatics,,,0,4
118,7. Saçýnýz çok uzadý. Berbere/Kuaföre gittiniz; ne dersiniz? (SAÇIMI KES),pragmatics,,,0,4
119,8. Arkadaþýnýz hasta. Ziyaretine gittiniz; ne dersiniz? (GEÇMÝÞ OLSUN),pragmatics,,,0,4
120,"9. Bir ayakkabý almak istiyorsunuz, Üzerinde fiyatý yok: satýcýya ne sorarsýnýz? (NE KADAR?/ KAÇ LÝRA?)",pragmatics,,,0,4
121,"10. Size 'Nasýlsýnýz?"" diye sordular. Nasýl cevaplarsýnýz? (ÝYÝYÝM / HASTAYIM, vs) ",pragmatics,,,0,4
112,1. Kapý çaldý; açmadan ne sorarsýnýz? (KÝM O?),pragmatics,,,0,5
113,2. Birisi hapþýrýrsa ne dersiniz? (ÇOK YAÞA),pragmatics,,,0,5
114,3. Misafirleriniz gidiyorlar; uðurlarken ne dersiniz? (GÜLE GÜLE),pragmatics,,,4,5
115,4. Telefon çaldý Açtýðýnýzda ilk ne dersiniz? (ALO),pragmatics,,,4,5
116,5. Çok güzel bir yemek yediniz. Sofradan kalkýyorsunuz; yemeði piþiren kiþiye ne dersiniz? (ELÝNE SAÐLIK),pragmatics,,,0,5
117,"6. Birisi size 'Günaydýn ' derse, siz ne dersiniz? GÜNAYDIN)",pragmatics,,,0,5
118,7. Saçýnýz çok uzadý. Berbere/Kuaföre gittiniz; ne dersiniz? (SAÇIMI KES),pragmatics,,,0,5
119,8. Arkadaþýnýz hasta. Ziyaretine gittiniz; ne dersiniz? (GEÇMÝÞ OLSUN),pragmatics,,,0,5
120,"9. Bir ayakkabý almak istiyorsunuz, Üzerinde fiyatý yok: satýcýya ne sorarsýnýz? (NE KADAR?/ KAÇ LÝRA?)",pragmatics,,,0,5
121,"10. Size 'Nasýlsýnýz?"" diye sordular. Nasýl cevaplarsýnýz? (ÝYÝYÝM / HASTAYIM, vs) ",pragmatics,,,4,5
